Entity,Code,Year,Wind energy capacity
Afghanistan,AFG,2012,0.0001
Afghanistan,AFG,2013,0.0001
Afghanistan,AFG,2014,0.0001
Afghanistan,AFG,2015,0.0001
Afghanistan,AFG,2016,0.0001
Afghanistan,AFG,2017,0.0004
Afghanistan,AFG,2018,0.0004
Afghanistan,AFG,2019,0.0004
Afghanistan,AFG,2020,0.0004
Afghanistan,AFG,2021,0.0004
Afghanistan,AFG,2022,0.0004
Africa,,2000,0.13905
Africa,,2001,0.13905
Africa,,2002,0.14431
Africa,,2003,0.15379001
Africa,,2004,0.23611000000000001
Africa,,2005,0.24018
Africa,,2006,0.327905
Africa,,2007,0.4701
Africa,,2008,0.5553
Africa,,2009,0.7424
Africa,,2010,0.864777
Africa,,2011,0.994982
Africa,,2012,1.127594
Africa,,2013,1.741834
Africa,,2014,2.399398
Africa,,2015,3.320268
Africa,,2016,3.831394
Africa,,2017,4.578262700000001
Africa,,2018,5.4715527
Africa,,2019,5.528753
Africa,,2020,6.5146533
Africa,,2021,7.3701533
Africa,,2022,7.6846533
Africa (IRENA),,2000,0.13905
Africa (IRENA),,2001,0.13905
Africa (IRENA),,2002,0.14431
Africa (IRENA),,2003,0.15378999999999998
Africa (IRENA),,2004,0.23611000000000001
Africa (IRENA),,2005,0.24018
Africa (IRENA),,2006,0.327905
Africa (IRENA),,2007,0.4701
Africa (IRENA),,2008,0.5553
Africa (IRENA),,2009,0.7424
Africa (IRENA),,2010,0.864777
Africa (IRENA),,2011,0.994982
Africa (IRENA),,2012,1.127594
Africa (IRENA),,2013,1.741834
Africa (IRENA),,2014,2.399398
Africa (IRENA),,2015,3.320268
Africa (IRENA),,2016,3.831394
Africa (IRENA),,2017,4.578263
Africa (IRENA),,2018,5.471553
Africa (IRENA),,2019,5.528753
Africa (IRENA),,2020,6.514653
Africa (IRENA),,2021,7.370153
Africa (IRENA),,2022,7.684653000000001
Algeria,DZA,2014,0.010199999999999999
Algeria,DZA,2015,0.010199999999999999
Algeria,DZA,2016,0.010199999999999999
Algeria,DZA,2017,0.010199999999999999
Algeria,DZA,2018,0.01
Algeria,DZA,2019,0.01
Algeria,DZA,2020,0.01
Algeria,DZA,2021,0.01
Algeria,DZA,2022,0.01
Antigua and Barbuda,ATG,2020,0.004
Antigua and Barbuda,ATG,2021,0.004
Antigua and Barbuda,ATG,2022,0.004
Argentina,ARG,2000,0.014112
Argentina,ARG,2001,0.024829
Argentina,ARG,2002,0.025797999999999998
Argentina,ARG,2003,0.025729
Argentina,ARG,2004,0.027829
Argentina,ARG,2005,0.027829
Argentina,ARG,2006,0.027829
Argentina,ARG,2007,0.027829
Argentina,ARG,2008,0.027829
Argentina,ARG,2009,0.027829
Argentina,ARG,2010,0.027829
Argentina,ARG,2011,0.059579
Argentina,ARG,2012,0.13697900000000002
Argentina,ARG,2013,0.189979
Argentina,ARG,2014,0.21518700000000002
Argentina,ARG,2015,0.18710400000000002
Argentina,ARG,2016,0.187442
Argentina,ARG,2017,0.226742
Argentina,ARG,2018,0.750342
Argentina,ARG,2019,1.609359
Argentina,ARG,2020,2.623904
Argentina,ARG,2021,3.292124
Argentina,ARG,2022,3.3093150000000002
Armenia,ARM,2005,0.00264
Armenia,ARM,2006,0.00264
Armenia,ARM,2007,0.00264
Armenia,ARM,2008,0.00264
Armenia,ARM,2009,0.00264
Armenia,ARM,2010,0.00264
Armenia,ARM,2011,0.00264
Armenia,ARM,2012,0.00264
Armenia,ARM,2013,0.00264
Armenia,ARM,2014,0.00264
Armenia,ARM,2015,0.0026000000000000003
Armenia,ARM,2016,0.002925
Armenia,ARM,2017,0.002925
Armenia,ARM,2018,0.002925
Armenia,ARM,2019,0.002925
Armenia,ARM,2020,0.002925
Armenia,ARM,2021,0.002925
Armenia,ARM,2022,0.002925
Aruba,ABW,2009,0.03
Aruba,ABW,2010,0.03
Aruba,ABW,2011,0.03
Aruba,ABW,2012,0.03
Aruba,ABW,2013,0.03
Aruba,ABW,2014,0.03
Aruba,ABW,2015,0.03
Aruba,ABW,2016,0.03
Aruba,ABW,2017,0.03
Aruba,ABW,2018,0.03
Aruba,ABW,2019,0.03
Aruba,ABW,2020,0.03
Aruba,ABW,2021,0.03
Aruba,ABW,2022,0.03
Asia,,2000,1.4100050000000002
Asia,,2001,2.1714119999999997
Asia,,2002,2.3949520000000004
Asia,,2003,3.58896
Asia,,2004,5.43746
Asia,,2005,6.9485
Asia,,2006,10.623893
Asia,,2007,14.211563
Asia,,2008,21.427553
Asia,,2009,32.205203000000004
Asia,,2010,47.51191000000001
Asia,,2011,67.86733000000001
Asia,,2012,85.19031
Asia,,2013,102.42939
Asia,,2014,128.13639
Asia,,2015,166.60339000000002
Asia,,2016,190.39831
Asia,,2017,212.07497
Asia,,2018,236.79719
Asia,,2019,266.12712
Asia,,2020,342.14396999999997
Asia,,2021,396.67053000000004
Asia,,2022,438.2213
Asia (IRENA),,2000,1.378605
Asia (IRENA),,2001,2.140012
Asia (IRENA),,2002,2.356552
Asia (IRENA),,2003,3.54656
Asia (IRENA),,2004,5.385560000000001
Asia (IRENA),,2005,6.87986
Asia (IRENA),,2006,10.507253
Asia (IRENA),,2007,13.991923000000002
Asia (IRENA),,2008,20.989238
Asia (IRENA),,2009,31.307889
Asia (IRENA),,2010,46.08359
Asia (IRENA),,2011,66.02680000000001
Asia (IRENA),,2012,82.80936
Asia (IRENA),,2013,99.542484
Asia (IRENA),,2014,124.336484
Asia (IRENA),,2015,161.80356
Asia (IRENA),,2016,184.18542000000002
Asia (IRENA),,2017,205.01611
Asia (IRENA),,2018,229.0938
Asia (IRENA),,2019,257.67095
Asia (IRENA),,2020,332.29838
Asia (IRENA),,2021,384.94471999999996
Asia (IRENA),,2022,425.67394
Australia,AUS,2000,0.033
Australia,AUS,2001,0.076
Australia,AUS,2002,0.106
Australia,AUS,2003,0.19
Australia,AUS,2004,0.379
Australia,AUS,2005,0.74
Australia,AUS,2006,0.8190000000000001
Australia,AUS,2007,1.249
Australia,AUS,2008,1.441
Australia,AUS,2009,1.703
Australia,AUS,2010,1.864
Australia,AUS,2011,2.1270000000000002
Australia,AUS,2012,2.561
Australia,AUS,2013,3.221
Australia,AUS,2014,3.797
Australia,AUS,2015,4.181
Australia,AUS,2016,4.324
Australia,AUS,2017,4.812
Australia,AUS,2018,5.442
Australia,AUS,2019,6.279
Australia,AUS,2020,8.603
Australia,AUS,2021,8.9506
Australia,AUS,2022,10.134
Austria,AUT,2000,0.05
Austria,AUT,2001,0.067
Austria,AUT,2002,0.109
Austria,AUT,2003,0.322
Austria,AUT,2004,0.581
Austria,AUT,2005,0.825219
Austria,AUT,2006,0.968269
Austria,AUT,2007,0.991159
Austria,AUT,2008,0.991974
Austria,AUT,2009,1.000985
Austria,AUT,2010,1.015828
Austria,AUT,2011,1.105966
Austria,AUT,2012,1.33715
Austria,AUT,2013,1.674538
Austria,AUT,2014,2.110275
Austria,AUT,2015,2.488726
Austria,AUT,2016,2.7299960000000003
Austria,AUT,2017,2.886698
Austria,AUT,2018,3.1327130000000003
Austria,AUT,2019,3.224117
Austria,AUT,2020,3.2259789999999997
Austria,AUT,2021,3.407811
Austria,AUT,2022,3.7358110000000004
Azerbaijan,AZE,2009,0.002
Azerbaijan,AZE,2010,0.002
Azerbaijan,AZE,2011,0.002
Azerbaijan,AZE,2012,0.002
Azerbaijan,AZE,2013,0.0027
Azerbaijan,AZE,2014,0.0027
Azerbaijan,AZE,2015,0.008
Azerbaijan,AZE,2016,0.0157
Azerbaijan,AZE,2017,0.0157
Azerbaijan,AZE,2018,0.066
Azerbaijan,AZE,2019,0.066
Azerbaijan,AZE,2020,0.066
Azerbaijan,AZE,2021,0.066
Azerbaijan,AZE,2022,0.066
Bahrain,BHR,2008,0.000675
Bahrain,BHR,2009,0.000675
Bahrain,BHR,2010,0.00068
Bahrain,BHR,2011,0.00068
Bahrain,BHR,2012,0.00068
Bahrain,BHR,2013,0.00068
Bahrain,BHR,2014,0.00068
Bahrain,BHR,2015,0.00068
Bahrain,BHR,2016,0.00068
Bahrain,BHR,2017,0.00068
Bahrain,BHR,2018,0.00068
Bahrain,BHR,2019,0.00068
Bahrain,BHR,2020,0.00068
Bahrain,BHR,2021,0.00068
Bahrain,BHR,2022,0.00074
Bangladesh,BGD,2006,0.0009000000000000001
Bangladesh,BGD,2007,0.0009000000000000001
Bangladesh,BGD,2008,0.0019
Bangladesh,BGD,2009,0.0019
Bangladesh,BGD,2010,0.0019
Bangladesh,BGD,2011,0.0019
Bangladesh,BGD,2012,0.0019
Bangladesh,BGD,2013,0.0019
Bangladesh,BGD,2014,0.0019
Bangladesh,BGD,2015,0.0029
Bangladesh,BGD,2016,0.0029
Bangladesh,BGD,2017,0.0029
Bangladesh,BGD,2018,0.0029
Bangladesh,BGD,2019,0.0029
Bangladesh,BGD,2020,0.0029
Bangladesh,BGD,2021,0.0029
Bangladesh,BGD,2022,0.0029
Barbados,BRB,2000,0.00004
Barbados,BRB,2001,0.00004
Barbados,BRB,2002,0.00004
Barbados,BRB,2003,0.00004
Barbados,BRB,2004,0.00004
Barbados,BRB,2005,0.00004
Barbados,BRB,2006,0.00004
Barbados,BRB,2007,0.00004
Barbados,BRB,2008,0.00004
Barbados,BRB,2009,0.00004
Barbados,BRB,2010,0.00004
Barbados,BRB,2011,0.00004
Barbados,BRB,2012,0.00004
Barbados,BRB,2013,0.00004
Barbados,BRB,2014,0.00004
Barbados,BRB,2015,0.00004
Barbados,BRB,2016,0.00006
Barbados,BRB,2017,0.00006
Barbados,BRB,2018,0.00006
Barbados,BRB,2019,0.00006
Barbados,BRB,2020,0.00006
Barbados,BRB,2021,0.00006
Barbados,BRB,2022,0.00116
Belarus,BLR,2000,0.00025
Belarus,BLR,2001,0.0006
Belarus,BLR,2002,0.0011
Belarus,BLR,2003,0.0011
Belarus,BLR,2004,0.0011
Belarus,BLR,2005,0.0011
Belarus,BLR,2006,0.0011
Belarus,BLR,2007,0.0019
Belarus,BLR,2008,0.0019
Belarus,BLR,2009,0.0019
Belarus,BLR,2010,0.0019
Belarus,BLR,2011,0.002
Belarus,BLR,2012,0.005
Belarus,BLR,2013,0.007
Belarus,BLR,2014,0.009000000000000001
Belarus,BLR,2015,0.022
Belarus,BLR,2016,0.062
Belarus,BLR,2017,0.084
Belarus,BLR,2018,0.092
Belarus,BLR,2019,0.112
Belarus,BLR,2020,0.112
Belarus,BLR,2021,0.11170000000000001
Belarus,BLR,2022,0.11170000000000001
Belgium,BEL,2000,0.014
Belgium,BEL,2001,0.026000000000000002
Belgium,BEL,2002,0.031
Belgium,BEL,2003,0.067
Belgium,BEL,2004,0.096
Belgium,BEL,2005,0.167
Belgium,BEL,2006,0.212
Belgium,BEL,2007,0.276
Belgium,BEL,2008,0.324
Belgium,BEL,2009,0.608
Belgium,BEL,2010,0.912
Belgium,BEL,2011,1.069
Belgium,BEL,2012,1.3669000000000002
Belgium,BEL,2013,1.7690000000000001
Belgium,BEL,2014,1.9327
Belgium,BEL,2015,2.1813000000000002
Belgium,BEL,2016,2.3338
Belgium,BEL,2017,2.7794000000000003
Belgium,BEL,2018,3.3049
Belgium,BEL,2019,3.8635
Belgium,BEL,2020,4.6727
Belgium,BEL,2021,4.9483999999999995
Belgium,BEL,2022,5.251399999999999
Belize,BLZ,2000,0.00002
Belize,BLZ,2001,0.00002
Belize,BLZ,2002,0.00002
Belize,BLZ,2003,0.00002
Belize,BLZ,2004,0.00002
Belize,BLZ,2005,0.00002
Belize,BLZ,2006,0.00002
Belize,BLZ,2007,0.00002
Belize,BLZ,2008,0.00002
Belize,BLZ,2009,0.00002
Belize,BLZ,2010,0.00002
Belize,BLZ,2011,0.00002
Belize,BLZ,2012,0.00002
Belize,BLZ,2013,0.00002
Belize,BLZ,2014,0.00002
Belize,BLZ,2015,0.00002
Belize,BLZ,2016,0.00002
Belize,BLZ,2017,0.00002
Belize,BLZ,2018,0.00002
Belize,BLZ,2019,0.00002
Belize,BLZ,2020,0.00002
Belize,BLZ,2021,0.00002
Belize,BLZ,2022,0.00002
Bhutan,BTN,2015,0.0006
Bhutan,BTN,2016,0.0006
Bhutan,BTN,2017,0.0006
Bhutan,BTN,2018,0.0006
Bhutan,BTN,2019,0.0006
Bhutan,BTN,2020,0.0006
Bhutan,BTN,2021,0.0006
Bhutan,BTN,2022,0.0006
Bolivia,BOL,2010,0.0001
Bolivia,BOL,2011,0.0001
Bolivia,BOL,2012,0.0001
Bolivia,BOL,2013,0.0001
Bolivia,BOL,2014,0.00316
Bolivia,BOL,2015,0.00316
Bolivia,BOL,2016,0.027
Bolivia,BOL,2017,0.027
Bolivia,BOL,2018,0.027
Bolivia,BOL,2019,0.027
Bolivia,BOL,2020,0.027
Bolivia,BOL,2021,0.1278
Bolivia,BOL,2022,0.13140000000000002
Bonaire Sint Eustatius and Saba,BES,2007,0.00033
Bonaire Sint Eustatius and Saba,BES,2008,0.00033
Bonaire Sint Eustatius and Saba,BES,2009,0.010230000000000001
Bonaire Sint Eustatius and Saba,BES,2010,0.010230000000000001
Bonaire Sint Eustatius and Saba,BES,2011,0.010230000000000001
Bonaire Sint Eustatius and Saba,BES,2012,0.010230000000000001
Bonaire Sint Eustatius and Saba,BES,2013,0.011130000000000001
Bonaire Sint Eustatius and Saba,BES,2014,0.011130000000000001
Bonaire Sint Eustatius and Saba,BES,2015,0.011130000000000001
Bonaire Sint Eustatius and Saba,BES,2016,0.011130000000000001
Bonaire Sint Eustatius and Saba,BES,2017,0.011130000000000001
Bonaire Sint Eustatius and Saba,BES,2018,0.011130000000000001
Bonaire Sint Eustatius and Saba,BES,2019,0.011130000000000001
Bonaire Sint Eustatius and Saba,BES,2020,0.011130000000000001
Bonaire Sint Eustatius and Saba,BES,2021,0.011130000000000001
Bonaire Sint Eustatius and Saba,BES,2022,0.011130000000000001
Bosnia and Herzegovina,BIH,2011,0.0003
Bosnia and Herzegovina,BIH,2012,0.0003
Bosnia and Herzegovina,BIH,2013,0.0003
Bosnia and Herzegovina,BIH,2014,0.0003
Bosnia and Herzegovina,BIH,2015,0.0003
Bosnia and Herzegovina,BIH,2016,0.0003
Bosnia and Herzegovina,BIH,2017,0.0003
Bosnia and Herzegovina,BIH,2018,0.051000000000000004
Bosnia and Herzegovina,BIH,2019,0.08700000000000001
Bosnia and Herzegovina,BIH,2020,0.08700000000000001
Bosnia and Herzegovina,BIH,2021,0.135
Bosnia and Herzegovina,BIH,2022,0.135
Brazil,BRA,2000,0.022
Brazil,BRA,2001,0.024
Brazil,BRA,2002,0.022
Brazil,BRA,2003,0.024
Brazil,BRA,2004,0.024
Brazil,BRA,2005,0.029
Brazil,BRA,2006,0.23700000000000002
Brazil,BRA,2007,0.247
Brazil,BRA,2008,0.398
Brazil,BRA,2009,0.602
Brazil,BRA,2010,0.927
Brazil,BRA,2011,1.426
Brazil,BRA,2012,1.8940000000000001
Brazil,BRA,2013,2.20202
Brazil,BRA,2014,4.888053
Brazil,BRA,2015,7.633115
Brazil,BRA,2016,10.129155
Brazil,BRA,2017,12.304272000000001
Brazil,BRA,2018,14.843093999999999
Brazil,BRA,2019,15.438379000000001
Brazil,BRA,2020,17.198324
Brazil,BRA,2021,21.161270000000002
Brazil,BRA,2022,24.163129
British Virgin Islands,VGB,2010,0.0005
British Virgin Islands,VGB,2011,0.0005
British Virgin Islands,VGB,2012,0.0005
British Virgin Islands,VGB,2013,0.0005
British Virgin Islands,VGB,2014,0.0005
British Virgin Islands,VGB,2015,0.0005
British Virgin Islands,VGB,2016,0.0005
British Virgin Islands,VGB,2017,0.0005
British Virgin Islands,VGB,2018,0.0005
British Virgin Islands,VGB,2019,0.0008010000000000001
British Virgin Islands,VGB,2020,0.0008010000000000001
British Virgin Islands,VGB,2021,0.0008010000000000001
British Virgin Islands,VGB,2022,0.0008010000000000001
Bulgaria,BGR,2004,0.001
Bulgaria,BGR,2005,0.008
Bulgaria,BGR,2006,0.027
Bulgaria,BGR,2007,0.03
Bulgaria,BGR,2008,0.114
Bulgaria,BGR,2009,0.333
Bulgaria,BGR,2010,0.488
Bulgaria,BGR,2011,0.541
Bulgaria,BGR,2012,0.677
Bulgaria,BGR,2013,0.683
Bulgaria,BGR,2014,0.6990000000000001
Bulgaria,BGR,2015,0.6990000000000001
Bulgaria,BGR,2016,0.6990000000000001
Bulgaria,BGR,2017,0.69839
Bulgaria,BGR,2018,0.69892
Bulgaria,BGR,2019,0.70312
Bulgaria,BGR,2020,0.7028
Bulgaria,BGR,2021,0.704375
Bulgaria,BGR,2022,0.704375
Cambodia,KHM,2009,0.00025
Cambodia,KHM,2010,0.00025
Cambodia,KHM,2011,0.00025
Cambodia,KHM,2012,0.00025
Cambodia,KHM,2013,0.00025
Cambodia,KHM,2014,0.00025
Cambodia,KHM,2015,0.00025
Cambodia,KHM,2016,0.00025
Cambodia,KHM,2017,0.00025
Cambodia,KHM,2018,0.00025
Cambodia,KHM,2019,0.00025
Cambodia,KHM,2020,0.00025
Cambodia,KHM,2021,0.00025
Cambodia,KHM,2022,0.00025
Canada,CAN,2000,0.092
Canada,CAN,2001,0.131
Canada,CAN,2002,0.161
Canada,CAN,2003,0.327
Canada,CAN,2004,0.444
Canada,CAN,2005,0.677
Canada,CAN,2006,1.423
Canada,CAN,2007,1.84
Canada,CAN,2008,2.336
Canada,CAN,2009,3.282
Canada,CAN,2010,3.967
Canada,CAN,2011,5.265
Canada,CAN,2012,6.2010000000000005
Canada,CAN,2013,7.801
Canada,CAN,2014,9.694
Canada,CAN,2015,11.214
Canada,CAN,2016,11.973
Canada,CAN,2017,12.25
Canada,CAN,2018,12.816
Canada,CAN,2019,13.413
Canada,CAN,2020,13.626959999999999
Canada,CAN,2021,14.30356
Canada,CAN,2022,15.29546
Cape Verde,CPV,2002,0.0021000000000000003
Cape Verde,CPV,2003,0.00268
Cape Verde,CPV,2004,0.0024
Cape Verde,CPV,2005,0.0024
Cape Verde,CPV,2006,0.0021000000000000003
Cape Verde,CPV,2007,0.0021000000000000003
Cape Verde,CPV,2008,0.0021000000000000003
Cape Verde,CPV,2009,0.0021000000000000003
Cape Verde,CPV,2010,0.0018000000000000002
Cape Verde,CPV,2011,0.017
Cape Verde,CPV,2012,0.0272
Cape Verde,CPV,2013,0.0272
Cape Verde,CPV,2014,0.0272
Cape Verde,CPV,2015,0.0272
Cape Verde,CPV,2016,0.0272
Cape Verde,CPV,2017,0.0272
Cape Verde,CPV,2018,0.027800000000000002
Cape Verde,CPV,2019,0.027800000000000002
Cape Verde,CPV,2020,0.027800000000000002
Cape Verde,CPV,2021,0.027800000000000002
Cape Verde,CPV,2022,0.027800000000000002
Central America and the Caribbean (IRENA),,2000,0.062310000000000004
Central America and the Caribbean (IRENA),,2001,0.08211
Central America and the Caribbean (IRENA),,2002,0.08541
Central America and the Caribbean (IRENA),,2003,0.09981000000000001
Central America and the Caribbean (IRENA),,2004,0.12161
Central America and the Caribbean (IRENA),,2005,0.12331
Central America and the Caribbean (IRENA),,2006,0.12521
Central America and the Caribbean (IRENA),,2007,0.12434
Central America and the Caribbean (IRENA),,2008,0.12953
Central America and the Caribbean (IRENA),,2009,0.25883
Central America and the Caribbean (IRENA),,2010,0.30446
Central America and the Caribbean (IRENA),,2011,0.457215
Central America and the Caribbean (IRENA),,2012,0.725915
Central America and the Caribbean (IRENA),,2013,0.7969120000000001
Central America and the Caribbean (IRENA),,2014,0.9202319999999999
Central America and the Caribbean (IRENA),,2015,1.281542
Central America and the Caribbean (IRENA),,2016,1.522662
Central America and the Caribbean (IRENA),,2017,1.602632
Central America and the Caribbean (IRENA),,2018,1.712126
Central America and the Caribbean (IRENA),,2019,1.9404770000000002
Central America and the Caribbean (IRENA),,2020,1.9648040000000002
Central America and the Caribbean (IRENA),,2021,1.9916040000000002
Central America and the Caribbean (IRENA),,2022,2.0361540000000002
Chad,TCD,2016,0.0011
Chad,TCD,2017,0.0011
Chad,TCD,2018,0.0011
Chad,TCD,2019,0.0011
Chad,TCD,2020,0.0011
Chad,TCD,2021,0.0011
Chad,TCD,2022,0.0011
Chile,CHL,2001,0.002
Chile,CHL,2002,0.002
Chile,CHL,2003,0.002
Chile,CHL,2004,0.002
Chile,CHL,2005,0.002
Chile,CHL,2006,0.002
Chile,CHL,2007,0.02
Chile,CHL,2008,0.02
Chile,CHL,2009,0.163
Chile,CHL,2010,0.163
Chile,CHL,2011,0.184
Chile,CHL,2012,0.202
Chile,CHL,2013,0.301
Chile,CHL,2014,0.736
Chile,CHL,2015,0.91
Chile,CHL,2016,1.039
Chile,CHL,2017,1.305
Chile,CHL,2018,1.524
Chile,CHL,2019,1.620074
Chile,CHL,2020,2.1489960000000004
Chile,CHL,2021,3.137006
Chile,CHL,2022,3.829679
China,CHN,2000,0.341
China,CHN,2001,0.383
China,CHN,2002,0.449
China,CHN,2003,0.547
China,CHN,2004,0.763
China,CHN,2005,1.06
China,CHN,2006,2.07
China,CHN,2007,4.2
China,CHN,2008,8.387728
China,CHN,2009,17.599408
China,CHN,2010,29.633479
China,CHN,2011,46.3546
China,CHN,2012,61.59687
China,CHN,2013,76.73053
China,CHN,2014,96.81913
China,CHN,2015,131.04773
China,CHN,2016,148.51689000000002
China,CHN,2017,164.37448
China,CHN,2018,184.66488
China,CHN,2019,209.5819
China,CHN,2020,282.11266
China,CHN,2021,328.97344
China,CHN,2022,365.9642
Colombia,COL,2004,0.02
Colombia,COL,2005,0.01
Colombia,COL,2006,0.018420000000000002
Colombia,COL,2007,0.018420000000000002
Colombia,COL,2008,0.018420000000000002
Colombia,COL,2009,0.018420000000000002
Colombia,COL,2010,0.018420000000000002
Colombia,COL,2011,0.018420000000000002
Colombia,COL,2012,0.018420000000000002
Colombia,COL,2013,0.018420000000000002
Colombia,COL,2014,0.018420000000000002
Colombia,COL,2015,0.018420000000000002
Colombia,COL,2016,0.018420000000000002
Colombia,COL,2017,0.018420000000000002
Colombia,COL,2018,0.018420000000000002
Colombia,COL,2019,0.018420000000000002
Colombia,COL,2020,0.018420000000000002
Colombia,COL,2021,0.018420000000000002
Colombia,COL,2022,0.018420000000000002
Cook Islands,COK,2003,0.00004
Cook Islands,COK,2004,0.00004
Cook Islands,COK,2005,0.00004
Cook Islands,COK,2006,0.00004
Cook Islands,COK,2007,0.00004
Cook Islands,COK,2008,0.00004
Cook Islands,COK,2009,0.00004
Cook Islands,COK,2010,0.00004
Cook Islands,COK,2011,0.00004
Cook Islands,COK,2012,0.00004
Cook Islands,COK,2013,0.00004
Cook Islands,COK,2014,0.00004
Cook Islands,COK,2015,0.00004
Cook Islands,COK,2016,0.00004
Cook Islands,COK,2017,0.00004
Cook Islands,COK,2018,0.00004
Cook Islands,COK,2019,0.00004
Cook Islands,COK,2020,0.00004
Cook Islands,COK,2021,0.00004
Cook Islands,COK,2022,0.00004
Costa Rica,CRI,2000,0.0425
Costa Rica,CRI,2001,0.0623
Costa Rica,CRI,2002,0.0623
Costa Rica,CRI,2003,0.0686
Costa Rica,CRI,2004,0.0686
Costa Rica,CRI,2005,0.0686
Costa Rica,CRI,2006,0.0686
Costa Rica,CRI,2007,0.066
Costa Rica,CRI,2008,0.066
Costa Rica,CRI,2009,0.1155
Costa Rica,CRI,2010,0.1155
Costa Rica,CRI,2011,0.12830000000000003
Costa Rica,CRI,2012,0.1436
Costa Rica,CRI,2013,0.1436
Costa Rica,CRI,2014,0.1931
Costa Rica,CRI,2015,0.2721
Costa Rica,CRI,2016,0.36510000000000004
Costa Rica,CRI,2017,0.37782
Costa Rica,CRI,2018,0.40776999999999997
Costa Rica,CRI,2019,0.41092
Costa Rica,CRI,2020,0.39352
Costa Rica,CRI,2021,0.39352
Costa Rica,CRI,2022,0.39022
Croatia,HRV,2004,0.006
Croatia,HRV,2005,0.006
Croatia,HRV,2006,0.017
Croatia,HRV,2007,0.017
Croatia,HRV,2008,0.017
Croatia,HRV,2009,0.07
Croatia,HRV,2010,0.079
Croatia,HRV,2011,0.13
Croatia,HRV,2012,0.18
Croatia,HRV,2013,0.254
Croatia,HRV,2014,0.339
Croatia,HRV,2015,0.418
Croatia,HRV,2016,0.483
Croatia,HRV,2017,0.5761000000000001
Croatia,HRV,2018,0.5862999999999999
Croatia,HRV,2019,0.6463
Croatia,HRV,2020,0.8013
Croatia,HRV,2021,0.9869
Croatia,HRV,2022,1.0429000000000002
Cuba,CUB,2000,0.00045000000000000004
Cuba,CUB,2001,0.00045000000000000004
Cuba,CUB,2002,0.00045000000000000004
Cuba,CUB,2003,0.00045000000000000004
Cuba,CUB,2004,0.00045000000000000004
Cuba,CUB,2005,0.00215
Cuba,CUB,2006,0.00215
Cuba,CUB,2007,0.00215
Cuba,CUB,2008,0.00725
Cuba,CUB,2009,0.00725
Cuba,CUB,2010,0.00725
Cuba,CUB,2011,0.01175
Cuba,CUB,2012,0.01175
Cuba,CUB,2013,0.01175
Cuba,CUB,2014,0.01175
Cuba,CUB,2015,0.01175
Cuba,CUB,2016,0.01175
Cuba,CUB,2017,0.01175
Cuba,CUB,2018,0.01175
Cuba,CUB,2019,0.01175
Cuba,CUB,2020,0.01175
Cuba,CUB,2021,0.01175
Cuba,CUB,2022,0.01175
Curacao,CUW,2000,0.012
Curacao,CUW,2001,0.012
Curacao,CUW,2002,0.012
Curacao,CUW,2003,0.012
Curacao,CUW,2004,0.012
Curacao,CUW,2005,0.012
Curacao,CUW,2006,0.012
Curacao,CUW,2007,0.012
Curacao,CUW,2008,0.012
Curacao,CUW,2009,0.012
Curacao,CUW,2010,0.012
Curacao,CUW,2011,0.012
Curacao,CUW,2012,0.03
Curacao,CUW,2013,0.03
Curacao,CUW,2014,0.03
Curacao,CUW,2015,0.03
Curacao,CUW,2016,0.03
Curacao,CUW,2017,0.04725
Curacao,CUW,2018,0.04725
Curacao,CUW,2019,0.04725
Curacao,CUW,2020,0.04725
Curacao,CUW,2021,0.04725
Curacao,CUW,2022,0.04725
Cyprus,CYP,2004,0.00022500000000000002
Cyprus,CYP,2005,0.00022500000000000002
Cyprus,CYP,2006,0.00022500000000000002
Cyprus,CYP,2007,0.00022500000000000002
Cyprus,CYP,2008,0.00022500000000000002
Cyprus,CYP,2009,0.00022500000000000002
Cyprus,CYP,2010,0.08222499999999999
Cyprus,CYP,2011,0.134225
Cyprus,CYP,2012,0.147225
Cyprus,CYP,2013,0.147225
Cyprus,CYP,2014,0.147225
Cyprus,CYP,2015,0.157725
Cyprus,CYP,2016,0.157725
Cyprus,CYP,2017,0.157725
Cyprus,CYP,2018,0.157725
Cyprus,CYP,2019,0.157725
Cyprus,CYP,2020,0.157725
Cyprus,CYP,2021,0.1575
Cyprus,CYP,2022,0.1575
Czechia,CZE,2000,0.002
Czechia,CZE,2001,0
Czechia,CZE,2002,0.0064
Czechia,CZE,2003,0.0106
Czechia,CZE,2004,0.0165
Czechia,CZE,2005,0.022
Czechia,CZE,2006,0.043500000000000004
Czechia,CZE,2007,0.1138
Czechia,CZE,2008,0.15
Czechia,CZE,2009,0.193
Czechia,CZE,2010,0.213
Czechia,CZE,2011,0.213
Czechia,CZE,2012,0.258
Czechia,CZE,2013,0.262
Czechia,CZE,2014,0.278
Czechia,CZE,2015,0.281
Czechia,CZE,2016,0.28200000000000003
Czechia,CZE,2017,0.308205
Czechia,CZE,2018,0.3162
Czechia,CZE,2019,0.339414
Czechia,CZE,2020,0.339424
Czechia,CZE,2021,0.339414
Czechia,CZE,2022,0.339414
Denmark,DNK,2000,2.390015
Denmark,DNK,2001,2.497153
Denmark,DNK,2002,2.894531
Denmark,DNK,2003,3.1199160000000004
Denmark,DNK,2004,3.1237120000000003
Denmark,DNK,2005,3.127836
Denmark,DNK,2006,3.135696
Denmark,DNK,2007,3.124214
Denmark,DNK,2008,3.16287
Denmark,DNK,2009,3.482087
Denmark,DNK,2010,3.801829
Denmark,DNK,2011,3.9519810000000004
Denmark,DNK,2012,4.161941
Denmark,DNK,2013,4.818923
Denmark,DNK,2014,4.8864030000000005
Denmark,DNK,2015,5.0769660000000005
Denmark,DNK,2016,5.2451419999999995
Denmark,DNK,2017,5.488949
Denmark,DNK,2018,6.12266
Denmark,DNK,2019,6.110543
Denmark,DNK,2020,6.2670330000000005
Denmark,DNK,2021,7.020840000000001
Denmark,DNK,2022,7.08784
Djibouti,DJI,2021,0.02
Djibouti,DJI,2022,0.02
Dominica,DMA,2008,0.00001
Dominica,DMA,2009,0.00001
Dominica,DMA,2010,0.00024
Dominica,DMA,2011,0.00024
Dominica,DMA,2012,0.00024
Dominica,DMA,2013,0.00024
Dominica,DMA,2014,0.00024
Dominica,DMA,2015,0.00024
Dominica,DMA,2016,0.00024
Dominica,DMA,2017,0.00024
Dominica,DMA,2018,0.00024
Dominica,DMA,2019,0.00024
Dominica,DMA,2020,0.00024
Dominica,DMA,2021,0.00024
Dominica,DMA,2022,0.00024
Dominican Republic,DOM,2008,0
Dominican Republic,DOM,2009,0
Dominican Republic,DOM,2010,0
Dominican Republic,DOM,2011,0.03345
Dominican Republic,DOM,2012,0.08545
Dominican Republic,DOM,2013,0.08545
Dominican Republic,DOM,2014,0.08545
Dominican Republic,DOM,2015,0.08545
Dominican Republic,DOM,2016,0.13495
Dominican Republic,DOM,2017,0.13495
Dominican Republic,DOM,2018,0.18295
Dominican Republic,DOM,2019,0.36995
Dominican Republic,DOM,2020,0.3703
Dominican Republic,DOM,2021,0.3703
Dominican Republic,DOM,2022,0.41705000000000003
Ecuador,ECU,2007,0.0024
Ecuador,ECU,2008,0.0024
Ecuador,ECU,2009,0.0024
Ecuador,ECU,2010,0.0024
Ecuador,ECU,2011,0.0024
Ecuador,ECU,2012,0.0024
Ecuador,ECU,2013,0.0189
Ecuador,ECU,2014,0.02115
Ecuador,ECU,2015,0.02115
Ecuador,ECU,2016,0.02115
Ecuador,ECU,2017,0.02115
Ecuador,ECU,2018,0.02115
Ecuador,ECU,2019,0.02115
Ecuador,ECU,2020,0.02115
Ecuador,ECU,2021,0.02115
Ecuador,ECU,2022,0.02115
Egypt,EGY,2000,0.074
Egypt,EGY,2001,0.074
Egypt,EGY,2002,0.074
Egypt,EGY,2003,0.074
Egypt,EGY,2004,0.15
Egypt,EGY,2005,0.15
Egypt,EGY,2006,0.23500000000000001
Egypt,EGY,2007,0.315
Egypt,EGY,2008,0.395
Egypt,EGY,2009,0.44
Egypt,EGY,2010,0.555
Egypt,EGY,2011,0.555
Egypt,EGY,2012,0.555
Egypt,EGY,2013,0.555
Egypt,EGY,2014,0.555
Egypt,EGY,2015,0.755
Egypt,EGY,2016,0.755
Egypt,EGY,2017,0.755
Egypt,EGY,2018,1.1300000000000001
Egypt,EGY,2019,1.1320000000000001
Egypt,EGY,2020,1.3800000000000001
Egypt,EGY,2021,1.6400000000000001
Egypt,EGY,2022,1.6425
El Salvador,SLV,2020,0.036000000000000004
El Salvador,SLV,2021,0.054
El Salvador,SLV,2022,0.054
Eritrea,ERI,2007,0.000825
Eritrea,ERI,2008,0.000825
Eritrea,ERI,2009,0.000825
Eritrea,ERI,2010,0.000825
Eritrea,ERI,2011,0.000825
Eritrea,ERI,2012,0.000825
Eritrea,ERI,2013,0.000825
Eritrea,ERI,2014,0.000825
Eritrea,ERI,2015,0.000825
Eritrea,ERI,2016,0.000825
Eritrea,ERI,2017,0.000825
Eritrea,ERI,2018,0.000825
Eritrea,ERI,2019,0.000825
Eritrea,ERI,2020,0.000825
Eritrea,ERI,2021,0.000825
Eritrea,ERI,2022,0.000825
Estonia,EST,2002,0.001
Estonia,EST,2003,0.003
Estonia,EST,2004,0.007
Estonia,EST,2005,0.031
Estonia,EST,2006,0.031
Estonia,EST,2007,0.05
Estonia,EST,2008,0.077
Estonia,EST,2009,0.10400000000000001
Estonia,EST,2010,0.108
Estonia,EST,2011,0.18
Estonia,EST,2012,0.266
Estonia,EST,2013,0.248
Estonia,EST,2014,0.275
Estonia,EST,2015,0.3
Estonia,EST,2016,0.31
Estonia,EST,2017,0.3118
Estonia,EST,2018,0.31
Estonia,EST,2019,0.316
Estonia,EST,2020,0.317
Estonia,EST,2021,0.315
Estonia,EST,2022,0.315
Ethiopia,ETH,2011,0.081
Ethiopia,ETH,2012,0.081
Ethiopia,ETH,2013,0.171
Ethiopia,ETH,2014,0.171
Ethiopia,ETH,2015,0.324
Ethiopia,ETH,2016,0.32400599999999996
Ethiopia,ETH,2017,0.32400599999999996
Ethiopia,ETH,2018,0.32400599999999996
Ethiopia,ETH,2019,0.32400599999999996
Ethiopia,ETH,2020,0.32400599999999996
Ethiopia,ETH,2021,0.32400599999999996
Ethiopia,ETH,2022,0.404006
Eurasia (IRENA),,2000,0.022
Eurasia (IRENA),,2001,0.022
Eurasia (IRENA),,2002,0.026000000000000002
Eurasia (IRENA),,2003,0.028
Eurasia (IRENA),,2004,0.028
Eurasia (IRENA),,2005,0.03364
Eurasia (IRENA),,2006,0.07164
Eurasia (IRENA),,2007,0.15864
Eurasia (IRENA),,2008,0.37664
Eurasia (IRENA),,2009,0.80664
Eurasia (IRENA),,2010,1.33464
Eurasia (IRENA),,2011,1.74364
Eurasia (IRENA),,2012,2.27564
Eurasia (IRENA),,2013,2.7753400000000004
Eurasia (IRENA),,2014,3.64534
Eurasia (IRENA),,2015,4.5245
Eurasia (IRENA),,2016,5.8005249999999995
Eurasia (IRENA),,2017,6.565675000000001
Eurasia (IRENA),,2018,7.146211
Eurasia (IRENA),,2019,7.782981
Eurasia (IRENA),,2020,9.86762
Eurasia (IRENA),,2021,12.65192
Eurasia (IRENA),,2022,13.71212
Europe,,2000,12.733915000000001
Europe,,2001,17.395934
Europe,,2002,23.295111000000002
Europe,,2003,28.161945
Europe,,2004,34.329367
Europe,,2005,40.69429
Europe,,2006,47.928902
Europe,,2007,56.350809999999996
Europe,,2008,64.065293
Europe,,2009,75.81754
Europe,,2010,84.93001600000001
Europe,,2011,94.72394
Europe,,2012,107.20245
Europe,,2013,118.179625
Europe,,2014,130.2082
Europe,,2015,143.0263
Europe,,2016,155.73802
Europe,,2017,170.62716
Europe,,2018,181.839
Europe,,2019,196.2056
Europe,,2020,208.85566
Europe,,2021,223.98916
Europe,,2022,242.8417
Europe (IRENA),,2000,12.730915000000001
Europe (IRENA),,2001,17.392934
Europe (IRENA),,2002,23.288111
Europe (IRENA),,2003,28.152945
Europe (IRENA),,2004,34.320367
Europe (IRENA),,2005,40.684290000000004
Europe (IRENA),,2006,47.9189
Europe (IRENA),,2007,56.34081
Europe (IRENA),,2008,64.055293
Europe (IRENA),,2009,75.80753999999999
Europe (IRENA),,2010,84.920016
Europe (IRENA),,2011,94.71394000000001
Europe (IRENA),,2012,107.19245
Europe (IRENA),,2013,118.169625
Europe (IRENA),,2014,130.19819999999999
Europe (IRENA),,2015,143.0154
Europe (IRENA),,2016,155.72710999999998
Europe (IRENA),,2017,170.61627
Europe (IRENA),,2018,181.7871
Europe (IRENA),,2019,196.10369
Europe (IRENA),,2020,207.91036
Europe (IRENA),,2021,222.03416
Europe (IRENA),,2022,240.6237
European Union (27),,2000,12.304815000000001
European Union (27),,2001,16.852254000000002
European Union (27),,2002,22.61523
European Union (27),,2003,27.270016000000002
European Union (27),,2004,33.17813700000001
European Union (27),,2005,38.79073
European Union (27),,2006,45.621266000000006
European Union (27),,2007,53.453727
European Union (27),,2008,60.149215
European Union (27),,2009,70.89045
European Union (27),,2010,78.976336
European Union (27),,2011,87.44586
European Union (27),,2012,97.18437
European Union (27),,2013,105.66655
European Union (27),,2014,115.65852000000001
European Union (27),,2015,127.21668
European Union (27),,2016,138.0188
European Union (27),,2017,148.95628
European Union (27),,2018,157.25548
European Union (27),,2019,167.21097
European Union (27),,2020,177.13212
European Union (27),,2021,188.45284
European Union (27),,2022,204.12202
Falkland Islands,FLK,2000,0.00026000000000000003
Falkland Islands,FLK,2001,0.00026000000000000003
Falkland Islands,FLK,2002,0.00026000000000000003
Falkland Islands,FLK,2003,0.00026000000000000003
Falkland Islands,FLK,2004,0.00026000000000000003
Falkland Islands,FLK,2005,0.00026000000000000003
Falkland Islands,FLK,2006,0.00026000000000000003
Falkland Islands,FLK,2007,0.00125
Falkland Islands,FLK,2008,0.00133
Falkland Islands,FLK,2009,0.00133
Falkland Islands,FLK,2010,0.00133
Falkland Islands,FLK,2011,0.00133
Falkland Islands,FLK,2012,0.00133
Falkland Islands,FLK,2013,0.00133
Falkland Islands,FLK,2014,0.00133
Falkland Islands,FLK,2015,0.00133
Falkland Islands,FLK,2016,0.00133
Falkland Islands,FLK,2017,0.00133
Falkland Islands,FLK,2018,0.00133
Falkland Islands,FLK,2019,0.00331
Falkland Islands,FLK,2020,0.00331
Falkland Islands,FLK,2021,0.00331
Falkland Islands,FLK,2022,0.00331
Faroe Islands,FRO,2000,0.00015
Faroe Islands,FRO,2001,0.00015
Faroe Islands,FRO,2002,0.00015
Faroe Islands,FRO,2003,0.00213
Faroe Islands,FRO,2004,0.00213
Faroe Islands,FRO,2005,0.004110000000000001
Faroe Islands,FRO,2006,0.004110000000000001
Faroe Islands,FRO,2007,0.004110000000000001
Faroe Islands,FRO,2008,0.004110000000000001
Faroe Islands,FRO,2009,0.004110000000000001
Faroe Islands,FRO,2010,0.004110000000000001
Faroe Islands,FRO,2011,0.004110000000000001
Faroe Islands,FRO,2012,0.00861
Faroe Islands,FRO,2013,0.00861
Faroe Islands,FRO,2014,0.020309999999999998
Faroe Islands,FRO,2015,0.020309999999999998
Faroe Islands,FRO,2016,0.020309999999999998
Faroe Islands,FRO,2017,0.020309999999999998
Faroe Islands,FRO,2018,0.016350000000000003
Faroe Islands,FRO,2019,0.012750000000000001
Faroe Islands,FRO,2020,0.01905
Faroe Islands,FRO,2021,0.0225
Faroe Islands,FRO,2022,0.0225
Fiji,FJI,2000,0.00006
Fiji,FJI,2001,0.00006
Fiji,FJI,2002,0.00006
Fiji,FJI,2003,0.00006
Fiji,FJI,2004,0
Fiji,FJI,2005,0
Fiji,FJI,2006,0
Fiji,FJI,2007,0.010175000000000002
Fiji,FJI,2008,0.010175000000000002
Fiji,FJI,2009,0.010175000000000002
Fiji,FJI,2010,0.010175000000000002
Fiji,FJI,2011,0.010175000000000002
Fiji,FJI,2012,0.010175000000000002
Fiji,FJI,2013,0.010175000000000002
Fiji,FJI,2014,0.010175000000000002
Fiji,FJI,2015,0.010175000000000002
Fiji,FJI,2016,0.010175000000000002
Fiji,FJI,2017,0.010175000000000002
Fiji,FJI,2018,0.010175000000000002
Fiji,FJI,2019,0.010175000000000002
Fiji,FJI,2020,0.010175000000000002
Fiji,FJI,2021,0.010175000000000002
Fiji,FJI,2022,0.010175000000000002
Finland,FIN,2000,0.038
Finland,FIN,2001,0.039
Finland,FIN,2002,0.043000000000000003
Finland,FIN,2003,0.052000000000000005
Finland,FIN,2004,0.082
Finland,FIN,2005,0.082
Finland,FIN,2006,0.08600000000000001
Finland,FIN,2007,0.11
Finland,FIN,2008,0.14300000000000002
Finland,FIN,2009,0.147
Finland,FIN,2010,0.197
Finland,FIN,2011,0.199
Finland,FIN,2012,0.257
Finland,FIN,2013,0.447
Finland,FIN,2014,0.627
Finland,FIN,2015,1.0050000000000001
Finland,FIN,2016,1.565
Finland,FIN,2017,2.044
Finland,FIN,2018,2.041
Finland,FIN,2019,2.2840000000000003
Finland,FIN,2020,2.586
Finland,FIN,2021,3.257
Finland,FIN,2022,5.614
France,FRA,2000,0.038
France,FRA,2001,0.066
France,FRA,2002,0.138
France,FRA,2003,0.218
France,FRA,2004,0.358
France,FRA,2005,0.6900000000000001
France,FRA,2006,1.412
France,FRA,2007,2.223
France,FRA,2008,3.403
France,FRA,2009,4.582
France,FRA,2010,5.912
France,FRA,2011,6.758016
France,FRA,2012,7.607496
France,FRA,2013,8.155961
France,FRA,2014,9.201424999999999
France,FRA,2015,10.298176999999999
France,FRA,2016,11.566562
France,FRA,2017,13.499352000000002
France,FRA,2018,14.900143
France,FRA,2019,16.426852
France,FRA,2020,17.513998
France,FRA,2021,18.739978999999998
France,FRA,2022,21.119979
French Polynesia,PYF,2000,0.00012
French Polynesia,PYF,2001,0.00012
French Polynesia,PYF,2002,0.00012
French Polynesia,PYF,2003,0.00012
French Polynesia,PYF,2004,0.000135
French Polynesia,PYF,2005,0.000135
French Polynesia,PYF,2006,0.000135
French Polynesia,PYF,2007,0.000158
French Polynesia,PYF,2008,0.000368
French Polynesia,PYF,2009,0.000368
French Polynesia,PYF,2010,0.000248
French Polynesia,PYF,2011,0.000248
French Polynesia,PYF,2012,0.000248
French Polynesia,PYF,2013,0.000248
French Polynesia,PYF,2014,0.000248
French Polynesia,PYF,2015,0.000248
French Polynesia,PYF,2016,0.000248
French Polynesia,PYF,2017,0.000248
French Polynesia,PYF,2018,0.000248
French Polynesia,PYF,2019,0.000248
French Polynesia,PYF,2020,0.000248
French Polynesia,PYF,2021,0.000248
French Polynesia,PYF,2022,0.000248
Gambia,GMB,2009,0.00015
Gambia,GMB,2010,0.00015
Gambia,GMB,2011,0.00015
Gambia,GMB,2012,0.0010500000000000002
Gambia,GMB,2013,0.0010500000000000002
Gambia,GMB,2014,0.001214
Gambia,GMB,2015,0.001214
Gambia,GMB,2016,0.001214
Gambia,GMB,2017,0.001214
Gambia,GMB,2018,0.001214
Gambia,GMB,2019,0.001214
Gambia,GMB,2020,0.001214
Gambia,GMB,2021,0.001214
Gambia,GMB,2022,0.001214
Georgia,GEO,2016,0.02
Georgia,GEO,2017,0.02
Georgia,GEO,2018,0.02
Georgia,GEO,2019,0.021
Georgia,GEO,2020,0.021
Georgia,GEO,2021,0.021
Georgia,GEO,2022,0.029
Germany,DEU,2000,6.095
Germany,DEU,2001,8.754
Germany,DEU,2002,12.001
Germany,DEU,2003,14.381
Germany,DEU,2004,16.419
Germany,DEU,2005,18.248
Germany,DEU,2006,20.474
Germany,DEU,2007,22.116
Germany,DEU,2008,22.794
Germany,DEU,2009,25.732
Germany,DEU,2010,26.903000000000002
Germany,DEU,2011,28.712
Germany,DEU,2012,30.979
Germany,DEU,2013,33.477000000000004
Germany,DEU,2014,38.614000000000004
Germany,DEU,2015,44.58
Germany,DEU,2016,49.435
Germany,DEU,2017,55.58
Germany,DEU,2018,58.721000000000004
Germany,DEU,2019,60.742000000000004
Germany,DEU,2020,62.201
Germany,DEU,2021,63.833
Germany,DEU,2022,66.315
Ghana,GHA,2015,0.00002
Ghana,GHA,2016,0.00002
Ghana,GHA,2017,0.00002
Ghana,GHA,2018,0.00002
Ghana,GHA,2019,0.00002
Ghana,GHA,2020,0.00002
Ghana,GHA,2021,0.00002
Ghana,GHA,2022,0.00002
Greece,GRC,2000,0.226
Greece,GRC,2001,0.27
Greece,GRC,2002,0.28700000000000003
Greece,GRC,2003,0.371
Greece,GRC,2004,0.47000000000000003
Greece,GRC,2005,0.491
Greece,GRC,2006,0.749
Greece,GRC,2007,0.846
Greece,GRC,2008,1.022
Greece,GRC,2009,1.171
Greece,GRC,2010,1.298
Greece,GRC,2011,1.6400000000000001
Greece,GRC,2012,1.7530000000000001
Greece,GRC,2013,1.809
Greece,GRC,2014,1.978
Greece,GRC,2015,2.091
Greece,GRC,2016,2.37
Greece,GRC,2017,2.624
Greece,GRC,2018,2.877495
Greece,GRC,2019,3.589
Greece,GRC,2020,4.11925
Greece,GRC,2021,4.64913
Greece,GRC,2022,4.87913
Greenland,GRL,2018,0.00005
Greenland,GRL,2019,0.00005
Greenland,GRL,2020,0.00005
Greenland,GRL,2021,0.00005
Greenland,GRL,2022,0.00005
Grenada,GRD,2007,0
Grenada,GRD,2008,0.00008
Grenada,GRD,2009,0.00008
Grenada,GRD,2010,0.00008
Grenada,GRD,2011,0.00008
Grenada,GRD,2012,0.00008
Grenada,GRD,2013,0.00008
Grenada,GRD,2014,0.00008
Grenada,GRD,2015,0.00008
Grenada,GRD,2016,0.00008
Grenada,GRD,2017,0.00008
Grenada,GRD,2018,0.00008
Grenada,GRD,2019,0.00008
Grenada,GRD,2020,0.00008
Grenada,GRD,2021,0.00008
Grenada,GRD,2022,0.00008
Guadeloupe,GLP,2000,0.0073
Guadeloupe,GLP,2001,0.0073
Guadeloupe,GLP,2002,0.0106
Guadeloupe,GLP,2003,0.0187
Guadeloupe,GLP,2004,0.0187
Guadeloupe,GLP,2005,0.0187
Guadeloupe,GLP,2006,0.0206
Guadeloupe,GLP,2007,0.022
Guadeloupe,GLP,2008,0.022
Guadeloupe,GLP,2009,0.022
Guadeloupe,GLP,2010,0.0234
Guadeloupe,GLP,2011,0.0234
Guadeloupe,GLP,2012,0.0234
Guadeloupe,GLP,2013,0.0234
Guadeloupe,GLP,2014,0.0234
Guadeloupe,GLP,2015,0.027
Guadeloupe,GLP,2016,0.0264
Guadeloupe,GLP,2017,0.0264
Guadeloupe,GLP,2018,0.0264
Guadeloupe,GLP,2019,0.0424
Guadeloupe,GLP,2020,0.041675
Guadeloupe,GLP,2021,0.051575
Guadeloupe,GLP,2022,0.051575
Guam,GUM,2016,0.000275
Guam,GUM,2017,0.000275
Guam,GUM,2018,0.000275
Guam,GUM,2019,0.000275
Guam,GUM,2020,0.000275
Guam,GUM,2021,0.000275
Guam,GUM,2022,0.000275
Guatemala,GTM,2015,0.07590000000000001
Guatemala,GTM,2016,0.07590000000000001
Guatemala,GTM,2017,0.07590000000000001
Guatemala,GTM,2018,0.10740000000000001
Guatemala,GTM,2019,0.10740000000000001
Guatemala,GTM,2020,0.10740000000000001
Guatemala,GTM,2021,0.10740000000000001
Guatemala,GTM,2022,0.10740000000000001
Guyana,GUY,2000,0.00001
Guyana,GUY,2001,0.00001
Guyana,GUY,2002,0.00001
Guyana,GUY,2003,0.00001
Guyana,GUY,2004,0.00001
Guyana,GUY,2005,0.00001
Guyana,GUY,2006,0.00001
Guyana,GUY,2007,0.00001
Guyana,GUY,2008,0.00001
Guyana,GUY,2009,0.00001
Guyana,GUY,2010,0.00001
Guyana,GUY,2011,0.00001
Guyana,GUY,2012,0.00001
Guyana,GUY,2013,0.00003
Guyana,GUY,2014,0.00004
Guyana,GUY,2015,0.00008
Guyana,GUY,2016,0.00008
Guyana,GUY,2017,0.00008
Guyana,GUY,2018,0.00008
Guyana,GUY,2019,0.00008
Guyana,GUY,2020,0.00008
Guyana,GUY,2021,0.00008
Guyana,GUY,2022,0.00008
Haiti,HTI,2018,0.000024
Haiti,HTI,2019,0.000024
Haiti,HTI,2020,0.000024
Haiti,HTI,2021,0.000024
Haiti,HTI,2022,0.000024
High-income countries,,2000,15.3734
High-income countries,,2001,21.672418
High-income countries,,2002,28.303836
High-income countries,,2003,35.24767
High-income countries,,2004,42.540266
High-income countries,,2005,52.282000000000004
High-income countries,,2006,63.68654
High-income countries,,2007,78.1297
High-income countries,,2008,95.002125
High-income countries,,2009,118.18172
High-income countries,,2010,133.50528
High-income countries,,2011,151.51616
High-income countries,,2012,179.15661
High-income countries,,2013,193.39000000000001
High-income countries,,2014,213.02962
High-income countries,,2015,237.11988000000002
High-income countries,,2016,260.62428
High-income countries,,2017,283.42872
High-income countries,,2018,302.73796999999996
High-income countries,,2019,327.55394
High-income countries,,2020,357.7563
High-income countries,,2021,388.19390000000004
High-income countries,,2022,418.30888
Honduras,HND,2011,0.10200000000000001
Honduras,HND,2012,0.10200000000000001
Honduras,HND,2013,0.152
Honduras,HND,2014,0.152
Honduras,HND,2015,0.1559
Honduras,HND,2016,0.1789
Honduras,HND,2017,0.22890000000000002
Honduras,HND,2018,0.22890000000000002
Honduras,HND,2019,0.2389
Honduras,HND,2020,0.2389
Honduras,HND,2021,0.2389
Honduras,HND,2022,0.2389
Hong Kong,HKG,2017,0.0008030000000000001
Hong Kong,HKG,2018,0.0008030000000000001
Hong Kong,HKG,2019,0.0008030000000000001
Hong Kong,HKG,2020,0.0008030000000000001
Hong Kong,HKG,2021,0.0008030000000000001
Hong Kong,HKG,2022,0.0008030000000000001
Hungary,HUN,2001,0.001
Hungary,HUN,2002,0.001
Hungary,HUN,2003,0.003
Hungary,HUN,2004,0.003
Hungary,HUN,2005,0.017
Hungary,HUN,2006,0.033
Hungary,HUN,2007,0.061
Hungary,HUN,2008,0.134
Hungary,HUN,2009,0.203
Hungary,HUN,2010,0.293
Hungary,HUN,2011,0.331
Hungary,HUN,2012,0.325
Hungary,HUN,2013,0.329
Hungary,HUN,2014,0.329
Hungary,HUN,2015,0.329
Hungary,HUN,2016,0.329
Hungary,HUN,2017,0.329
Hungary,HUN,2018,0.329
Hungary,HUN,2019,0.323
Hungary,HUN,2020,0.323
Hungary,HUN,2021,0.324
Hungary,HUN,2022,0.324
Iceland,ISL,2013,0.002
Iceland,ISL,2014,0.003
Iceland,ISL,2015,0.003
Iceland,ISL,2016,0.003
Iceland,ISL,2017,0.0024300000000000003
Iceland,ISL,2018,0.0024
Iceland,ISL,2019,0.0024
Iceland,ISL,2020,0.0018000000000000002
Iceland,ISL,2021,0.0018000000000000002
Iceland,ISL,2022,0.0018000000000000002
India,IND,2000,0.9410000000000001
India,IND,2001,1.563
India,IND,2002,1.606
India,IND,2003,2.461
India,IND,2004,3.813
India,IND,2005,4.4338999999999995
India,IND,2006,6.315
India,IND,2007,7.84452
India,IND,2008,10.2425
India,IND,2009,10.925
India,IND,2010,13.184000000000001
India,IND,2011,16.179000000000002
India,IND,2012,17.2997
India,IND,2013,18.4204
India,IND,2014,22.4653
India,IND,2015,25.08819
India,IND,2016,28.70044
India,IND,2017,32.84846
India,IND,2018,35.2881
India,IND,2019,37.50518
India,IND,2020,38.5586
India,IND,2021,40.067266000000004
India,IND,2022,41.92978
Indonesia,IDN,2007,0.0001
Indonesia,IDN,2008,0.00026000000000000003
Indonesia,IDN,2009,0.0010600000000000002
Indonesia,IDN,2010,0.00034
Indonesia,IDN,2011,0.00093
Indonesia,IDN,2012,0.00093
Indonesia,IDN,2013,0.00063
Indonesia,IDN,2014,0.0011200000000000001
Indonesia,IDN,2015,0.00146
Indonesia,IDN,2016,0.00146
Indonesia,IDN,2017,0.00146
Indonesia,IDN,2018,0.14351
Indonesia,IDN,2019,0.15431
Indonesia,IDN,2020,0.15431
Indonesia,IDN,2021,0.15431
Indonesia,IDN,2022,0.15431
Iran,IRN,2000,0.011
Iran,IRN,2001,0.011
Iran,IRN,2002,0.012
Iran,IRN,2003,0.016
Iran,IRN,2004,0.0249
Iran,IRN,2005,0.037
Iran,IRN,2006,0.047
Iran,IRN,2007,0.063
Iran,IRN,2008,0.063
Iran,IRN,2009,0.092
Iran,IRN,2010,0.095
Iran,IRN,2011,0.09820999999999999
Iran,IRN,2012,0.10613
Iran,IRN,2013,0.10763
Iran,IRN,2014,0.14878
Iran,IRN,2015,0.15344
Iran,IRN,2016,0.19094
Iran,IRN,2017,0.259
Iran,IRN,2018,0.28200000000000003
Iran,IRN,2019,0.30492
Iran,IRN,2020,0.30807999999999996
Iran,IRN,2021,0.3102
Iran,IRN,2022,0.342
Ireland,IRL,2000,0.1165
Ireland,IRL,2001,0.12290000000000001
Ireland,IRL,2002,0.1348
Ireland,IRL,2003,0.21030000000000001
Ireland,IRL,2004,0.3364
Ireland,IRL,2005,0.4933
Ireland,IRL,2006,0.6765
Ireland,IRL,2007,0.7405
Ireland,IRL,2008,0.9423
Ireland,IRL,2009,1.2513
Ireland,IRL,2010,1.3904
Ireland,IRL,2011,1.5846
Ireland,IRL,2012,1.70435
Ireland,IRL,2013,1.9233
Ireland,IRL,2014,2.2832500000000002
Ireland,IRL,2015,2.45115
Ireland,IRL,2016,2.80165
Ireland,IRL,2017,3.31915
Ireland,IRL,2018,3.67385
Ireland,IRL,2019,4.12645
Ireland,IRL,2020,4.3067
Ireland,IRL,2021,4.339041
Ireland,IRL,2022,4.619041
Israel,ISR,2002,0.006
Israel,ISR,2003,0.006
Israel,ISR,2004,0.006
Israel,ISR,2005,0.006
Israel,ISR,2006,0.006
Israel,ISR,2007,0.006
Israel,ISR,2008,0.006
Israel,ISR,2009,0.006
Israel,ISR,2010,0.006
Israel,ISR,2011,0.006
Israel,ISR,2012,0.006
Israel,ISR,2013,0.006
Israel,ISR,2014,0.006
Israel,ISR,2015,0.006
Israel,ISR,2016,0.02725
Israel,ISR,2017,0.02725
Israel,ISR,2018,0.02725
Israel,ISR,2019,0.02725
Israel,ISR,2020,0.02725
Israel,ISR,2021,0.02725
Israel,ISR,2022,0.02725
Italy,ITA,2000,0.363
Italy,ITA,2001,0.664
Italy,ITA,2002,0.78
Italy,ITA,2003,0.874
Italy,ITA,2004,1.127
Italy,ITA,2005,1.635
Italy,ITA,2006,1.9020000000000001
Italy,ITA,2007,2.702
Italy,ITA,2008,3.525
Italy,ITA,2009,4.8790000000000004
Italy,ITA,2010,5.7940000000000005
Italy,ITA,2011,6.918
Italy,ITA,2012,8.102
Italy,ITA,2013,8.542
Italy,ITA,2014,8.683
Italy,ITA,2015,9.137
Italy,ITA,2016,9.384
Italy,ITA,2017,9.736578
Italy,ITA,2018,10.230246
Italy,ITA,2019,10.679459999999999
Italy,ITA,2020,10.870622
Italy,ITA,2021,11.253733
Italy,ITA,2022,11.779733
Jamaica,JAM,2004,0.0207
Jamaica,JAM,2005,0.0207
Jamaica,JAM,2006,0.0207
Jamaica,JAM,2007,0.0207
Jamaica,JAM,2008,0.0207
Jamaica,JAM,2009,0.0207
Jamaica,JAM,2010,0.0389
Jamaica,JAM,2011,0.0389
Jamaica,JAM,2012,0.0389
Jamaica,JAM,2013,0.0389
Jamaica,JAM,2014,0.0389
Jamaica,JAM,2015,0.0389
Jamaica,JAM,2016,0.099
Jamaica,JAM,2017,0.099
Jamaica,JAM,2018,0.099
Jamaica,JAM,2019,0.099
Jamaica,JAM,2020,0.099
Jamaica,JAM,2021,0.099
Jamaica,JAM,2022,0.099
Japan,JPN,2000,0.084
Japan,JPN,2001,0.17500000000000002
Japan,JPN,2002,0.277
Japan,JPN,2003,0.508
Japan,JPN,2004,0.769
Japan,JPN,2005,1.227
Japan,JPN,2006,1.805
Japan,JPN,2007,1.5270000000000001
Japan,JPN,2008,1.756
Japan,JPN,2009,1.997
Japan,JPN,2010,2.294
Japan,JPN,2011,2.419
Japan,JPN,2012,2.562
Japan,JPN,2013,2.646
Japan,JPN,2014,2.753
Japan,JPN,2015,2.8080000000000003
Japan,JPN,2016,3.247
Japan,JPN,2017,3.483
Japan,JPN,2018,3.498
Japan,JPN,2019,3.954
Japan,JPN,2020,4.367
Japan,JPN,2021,4.4670000000000005
Japan,JPN,2022,4.577
Jordan,JOR,2000,0.0014
Jordan,JOR,2001,0.0014
Jordan,JOR,2002,0.0014
Jordan,JOR,2003,0.0014
Jordan,JOR,2004,0.0014
Jordan,JOR,2005,0.0014
Jordan,JOR,2006,0.0014
Jordan,JOR,2007,0.0014
Jordan,JOR,2008,0.0014
Jordan,JOR,2009,0.0014
Jordan,JOR,2010,0.0014
Jordan,JOR,2011,0.0014
Jordan,JOR,2012,0.0014
Jordan,JOR,2013,0.0014
Jordan,JOR,2014,0.0014
Jordan,JOR,2015,0.1184
Jordan,JOR,2016,0.19840000000000002
Jordan,JOR,2017,0.19840000000000002
Jordan,JOR,2018,0.2804
Jordan,JOR,2019,0.373
Jordan,JOR,2020,0.51801
Jordan,JOR,2021,0.62151
Jordan,JOR,2022,0.6140100000000001
Kazakhstan,KAZ,2012,0.0015
Kazakhstan,KAZ,2013,0.004
Kazakhstan,KAZ,2014,0.05281
Kazakhstan,KAZ,2015,0.071755
Kazakhstan,KAZ,2016,0.09816
Kazakhstan,KAZ,2017,0.11240000000000001
Kazakhstan,KAZ,2018,0.12145
Kazakhstan,KAZ,2019,0.2838
Kazakhstan,KAZ,2020,0.4863
Kazakhstan,KAZ,2021,0.6839500000000001
Kazakhstan,KAZ,2022,1.10775
Kenya,KEN,2000,0.0004
Kenya,KEN,2001,0.0004
Kenya,KEN,2002,0.0004
Kenya,KEN,2003,0.0004
Kenya,KEN,2004,0.0004
Kenya,KEN,2005,0.0004
Kenya,KEN,2006,0.0004
Kenya,KEN,2007,0.0004
Kenya,KEN,2008,0.0004
Kenya,KEN,2009,0.0004
Kenya,KEN,2010,0.0056500000000000005
Kenya,KEN,2011,0.0056500000000000005
Kenya,KEN,2012,0.0056500000000000005
Kenya,KEN,2013,0.0056500000000000005
Kenya,KEN,2014,0.00585
Kenya,KEN,2015,0.0261
Kenya,KEN,2016,0.0261
Kenya,KEN,2017,0.02621
Kenya,KEN,2018,0.3361
Kenya,KEN,2019,0.3361
Kenya,KEN,2020,0.3361
Kenya,KEN,2021,0.43610000000000004
Kenya,KEN,2022,0.43610000000000004
Kosovo,OWID_KOS,2010,0.001
Kosovo,OWID_KOS,2011,0.001
Kosovo,OWID_KOS,2012,0.001
Kosovo,OWID_KOS,2013,0.001
Kosovo,OWID_KOS,2014,0.001
Kosovo,OWID_KOS,2015,0.001
Kosovo,OWID_KOS,2016,0.001
Kosovo,OWID_KOS,2017,0.03375
Kosovo,OWID_KOS,2018,0.03375
Kosovo,OWID_KOS,2019,0.03375
Kosovo,OWID_KOS,2020,0.03375
Kosovo,OWID_KOS,2021,0.13875
Kosovo,OWID_KOS,2022,0.13875
Kuwait,KWT,2013,0.0024
Kuwait,KWT,2014,0.0024
Kuwait,KWT,2015,0.0024
Kuwait,KWT,2016,0.0024
Kuwait,KWT,2017,0.012400000000000001
Kuwait,KWT,2018,0.012400000000000001
Kuwait,KWT,2019,0.012400000000000001
Kuwait,KWT,2020,0.012400000000000001
Kuwait,KWT,2021,0.012400000000000001
Kuwait,KWT,2022,0.012400000000000001
Latvia,LVA,2000,0.002
Latvia,LVA,2001,0.002
Latvia,LVA,2002,0.022
Latvia,LVA,2003,0.026000000000000002
Latvia,LVA,2004,0.026000000000000002
Latvia,LVA,2005,0.026000000000000002
Latvia,LVA,2006,0.026000000000000002
Latvia,LVA,2007,0.026000000000000002
Latvia,LVA,2008,0.028
Latvia,LVA,2009,0.029
Latvia,LVA,2010,0.03
Latvia,LVA,2011,0.036000000000000004
Latvia,LVA,2012,0.059000000000000004
Latvia,LVA,2013,0.06589199999999999
Latvia,LVA,2014,0.068915
Latvia,LVA,2015,0.068165
Latvia,LVA,2016,0.06990500000000001
Latvia,LVA,2017,0.077105
Latvia,LVA,2018,0.078172
Latvia,LVA,2019,0.078072
Latvia,LVA,2020,0.078072
Latvia,LVA,2021,0.077129
Latvia,LVA,2022,0.136129
Lebanon,LBN,2012,0.0005
Lebanon,LBN,2013,0.002
Lebanon,LBN,2014,0.003
Lebanon,LBN,2015,0.003
Lebanon,LBN,2016,0.003
Lebanon,LBN,2017,0.003
Lebanon,LBN,2018,0.003
Lebanon,LBN,2019,0.003
Lebanon,LBN,2020,0.003
Lebanon,LBN,2021,0.003
Lebanon,LBN,2022,0.003
Lithuania,LTU,2004,0.001
Lithuania,LTU,2005,0.001
Lithuania,LTU,2006,0.031
Lithuania,LTU,2007,0.047
Lithuania,LTU,2008,0.054
Lithuania,LTU,2009,0.098
Lithuania,LTU,2010,0.133
Lithuania,LTU,2011,0.202
Lithuania,LTU,2012,0.275
Lithuania,LTU,2013,0.279
Lithuania,LTU,2014,0.28800000000000003
Lithuania,LTU,2015,0.436
Lithuania,LTU,2016,0.509
Lithuania,LTU,2017,0.518
Lithuania,LTU,2018,0.533
Lithuania,LTU,2019,0.534
Lithuania,LTU,2020,0.54
Lithuania,LTU,2021,0.671
Lithuania,LTU,2022,0.8140000000000001
Low-income countries,,2004,0.0006
Low-income countries,,2005,0.0006
Low-income countries,,2006,0.0006
Low-income countries,,2007,0.0014399999999999999
Low-income countries,,2008,0.00164
Low-income countries,,2009,0.0018700000000000001
Low-income countries,,2010,0.0019470000000000002
Low-income countries,,2011,0.082951996
Low-income countries,,2012,0.086152
Low-income countries,,2013,0.17615201
Low-income countries,,2014,0.17631601000000002
Low-income countries,,2015,0.329916
Low-income countries,,2016,0.331022
Low-income countries,,2017,0.33247202
Low-income countries,,2018,0.33247202
Low-income countries,,2019,0.33247202
Low-income countries,,2020,0.33247202
Low-income countries,,2021,0.33247202
Low-income countries,,2022,0.41247202
Lower-middle-income countries,,2000,1.0990550000000001
Lower-middle-income countries,,2001,1.752292
Lower-middle-income countries,,2002,1.808392
Lower-middle-income countries,,2003,2.6848699000000003
Lower-middle-income countries,,2004,4.1384897
Lower-middle-income countries,,2005,4.80969
Lower-middle-income countries,,2006,6.786393
Lower-middle-income countries,,2007,8.477863
Lower-middle-income countries,,2008,10.968328
Lower-middle-income countries,,2009,11.917598
Lower-middle-income countries,,2010,14.377277000000001
Lower-middle-income countries,,2011,17.595277
Lower-middle-income countries,,2012,19.122795
Lower-middle-income countries,,2013,20.807965
Lower-middle-income countries,,2014,25.879967
Lower-middle-income countries,,2015,29.056428
Lower-middle-income countries,,2016,33.176617
Lower-middle-income countries,,2017,37.883688
Lower-middle-income countries,,2018,41.931184
Lower-middle-income countries,,2019,45.090061999999996
Lower-middle-income countries,,2020,47.08477
Lower-middle-income countries,,2021,53.26165
Lower-middle-income countries,,2022,55.857066
Luxembourg,LUX,2000,0.014
Luxembourg,LUX,2001,0.013900000000000001
Luxembourg,LUX,2002,0.013900000000000001
Luxembourg,LUX,2003,0.0205
Luxembourg,LUX,2004,0.0349
Luxembourg,LUX,2005,0.0349
Luxembourg,LUX,2006,0.0349
Luxembourg,LUX,2007,0.0349
Luxembourg,LUX,2008,0.042915
Luxembourg,LUX,2009,0.04293
Luxembourg,LUX,2010,0.043726999999999995
Luxembourg,LUX,2011,0.044527000000000004
Luxembourg,LUX,2012,0.058327
Luxembourg,LUX,2013,0.058327
Luxembourg,LUX,2014,0.058342
Luxembourg,LUX,2015,0.063794
Luxembourg,LUX,2016,0.11969400000000001
Luxembourg,LUX,2017,0.11969400000000001
Luxembourg,LUX,2018,0.122894
Luxembourg,LUX,2019,0.13579400000000003
Luxembourg,LUX,2020,0.152744
Luxembourg,LUX,2021,0.13644399999999998
Luxembourg,LUX,2022,0.16544399999999998
Madagascar,MDG,2007,0.000015
Madagascar,MDG,2008,0.000015
Madagascar,MDG,2009,0.000095
Madagascar,MDG,2010,0.00017199999999999998
Madagascar,MDG,2011,0.000177
Madagascar,MDG,2012,0.000177
Madagascar,MDG,2013,0.000177
Madagascar,MDG,2014,0.000177
Madagascar,MDG,2015,0.000177
Madagascar,MDG,2016,0.000177
Madagascar,MDG,2017,0.000177
Madagascar,MDG,2018,0.000177
Madagascar,MDG,2019,0.000177
Madagascar,MDG,2020,0.000177
Madagascar,MDG,2021,0.000177
Madagascar,MDG,2022,0.000177
Maldives,MDV,2008,0.001407
Maldives,MDV,2009,0.001407
Maldives,MDV,2010,0.001407
Maldives,MDV,2011,0.001407
Maldives,MDV,2012,0.001407
Maldives,MDV,2013,0.001407
Maldives,MDV,2014,0.001407
Maldives,MDV,2015,0.001407
Maldives,MDV,2016,0.001407
Maldives,MDV,2017,0.001407
Maldives,MDV,2018,0.001407
Maldives,MDV,2019,0.001407
Maldives,MDV,2020,0.001407
Maldives,MDV,2021,0.001407
Maldives,MDV,2022,0.001407
Malta,MLT,2012,0.0001
Malta,MLT,2013,0.0001
Malta,MLT,2014,0.0001
Malta,MLT,2015,0.00007000000000000001
Malta,MLT,2016,0.0001
Malta,MLT,2017,0.0001
Malta,MLT,2018,0.0001
Malta,MLT,2019,0.0001
Malta,MLT,2020,0.0001
Malta,MLT,2021,0.0001
Malta,MLT,2022,0.0001
Marshall Islands,MHL,2018,0.000001
Marshall Islands,MHL,2019,0.000001
Marshall Islands,MHL,2020,0.000001
Marshall Islands,MHL,2021,0.000001
Marshall Islands,MHL,2022,0.000001
Martinique,MTQ,2004,0.0011
Martinique,MTQ,2005,0.0011
Martinique,MTQ,2006,0.0011
Martinique,MTQ,2007,0.0011
Martinique,MTQ,2008,0.0011
Martinique,MTQ,2009,0.0011
Martinique,MTQ,2010,0.0011
Martinique,MTQ,2011,0.0011
Martinique,MTQ,2012,0.0011
Martinique,MTQ,2013,0.0011
Martinique,MTQ,2014,0.0011
Martinique,MTQ,2015,0.0011
Martinique,MTQ,2016,0.0011
Martinique,MTQ,2017,0.0011
Martinique,MTQ,2018,0.0011
Martinique,MTQ,2019,0.013000000000000001
Martinique,MTQ,2020,0.0151
Martinique,MTQ,2021,0.014
Martinique,MTQ,2022,0.014
Mauritania,MRT,2013,0.0044
Mauritania,MRT,2014,0.0044
Mauritania,MRT,2015,0.0344
Mauritania,MRT,2016,0.0344
Mauritania,MRT,2017,0.0344
Mauritania,MRT,2018,0.0344
Mauritania,MRT,2019,0.0344
Mauritania,MRT,2020,0.0344
Mauritania,MRT,2021,0.0344
Mauritania,MRT,2022,0.0344
Mauritius,MUS,2003,0.00017999999999999998
Mauritius,MUS,2004,0.00017999999999999998
Mauritius,MUS,2005,0.00017999999999999998
Mauritius,MUS,2006,0.00017999999999999998
Mauritius,MUS,2007,0.00017999999999999998
Mauritius,MUS,2008,0.00017999999999999998
Mauritius,MUS,2009,0.00073
Mauritius,MUS,2010,0.00128
Mauritius,MUS,2011,0.00128
Mauritius,MUS,2012,0.00128
Mauritius,MUS,2013,0.00128
Mauritius,MUS,2014,0.00128
Mauritius,MUS,2015,0.00128
Mauritius,MUS,2016,0.01063
Mauritius,MUS,2017,0.01063
Mauritius,MUS,2018,0.01063
Mauritius,MUS,2019,0.01063
Mauritius,MUS,2020,0.01063
Mauritius,MUS,2021,0.01063
Mauritius,MUS,2022,0.01063
Mexico,MEX,2000,0.017
Mexico,MEX,2001,0.017
Mexico,MEX,2002,0.018000000000000002
Mexico,MEX,2003,0.018000000000000002
Mexico,MEX,2004,0.018000000000000002
Mexico,MEX,2005,0.018000000000000002
Mexico,MEX,2006,0.101
Mexico,MEX,2007,0.101
Mexico,MEX,2008,0.101
Mexico,MEX,2009,0.425
Mexico,MEX,2010,0.519
Mexico,MEX,2011,0.601
Mexico,MEX,2012,1.815
Mexico,MEX,2013,2.122
Mexico,MEX,2014,2.569
Mexico,MEX,2015,3.271
Mexico,MEX,2016,4.051
Mexico,MEX,2017,4.18
Mexico,MEX,2018,5.8870000000000005
Mexico,MEX,2019,6.073
Mexico,MEX,2020,6.5040000000000004
Mexico,MEX,2021,7.154100000000001
Mexico,MEX,2022,7.312100000000001
Micronesia (country),FSM,2018,0.000825
Micronesia (country),FSM,2019,0.000825
Micronesia (country),FSM,2020,0.000825
Micronesia (country),FSM,2021,0.000825
Micronesia (country),FSM,2022,0.000825
Middle East (IRENA),,2000,0.012400000000000001
Middle East (IRENA),,2001,0.012400000000000001
Middle East (IRENA),,2002,0.0194
Middle East (IRENA),,2003,0.0234
Middle East (IRENA),,2004,0.0329
Middle East (IRENA),,2005,0.045
Middle East (IRENA),,2006,0.055
Middle East (IRENA),,2007,0.07100000000000001
Middle East (IRENA),,2008,0.071675
Middle East (IRENA),,2009,0.100675
Middle East (IRENA),,2010,0.10368000000000001
Middle East (IRENA),,2011,0.10689
Middle East (IRENA),,2012,0.11531000000000001
Middle East (IRENA),,2013,0.12156
Middle East (IRENA),,2014,0.16456
Middle East (IRENA),,2015,0.28622000000000003
Middle East (IRENA),,2016,0.42327
Middle East (IRENA),,2017,0.50408
Middle East (IRENA),,2018,0.6090800000000001
Middle East (IRENA),,2019,0.7751
Middle East (IRENA),,2020,0.92327
Middle East (IRENA),,2021,1.02889
Middle East (IRENA),,2022,1.05325
Moldova,MDA,2013,0.001
Moldova,MDA,2014,0.001
Moldova,MDA,2015,0.001
Moldova,MDA,2016,0.001778
Moldova,MDA,2017,0.00919
Moldova,MDA,2018,0.033
Moldova,MDA,2019,0.035
Moldova,MDA,2020,0.041
Moldova,MDA,2021,0.07338700000000001
Moldova,MDA,2022,0.10155
Mongolia,MNG,2000,0.000005
Mongolia,MNG,2001,0.000012
Mongolia,MNG,2002,0.000012
Mongolia,MNG,2003,0.00002
Mongolia,MNG,2004,0.00002
Mongolia,MNG,2005,0.00002
Mongolia,MNG,2006,0.000023
Mongolia,MNG,2007,0.000473
Mongolia,MNG,2008,0.000473
Mongolia,MNG,2009,0.000473
Mongolia,MNG,2010,0.0006730000000000001
Mongolia,MNG,2011,0.0006730000000000001
Mongolia,MNG,2012,0.001006
Mongolia,MNG,2013,0.050606000000000005
Mongolia,MNG,2014,0.050606000000000005
Mongolia,MNG,2015,0.050606000000000005
Mongolia,MNG,2016,0.050606000000000005
Mongolia,MNG,2017,0.101006
Mongolia,MNG,2018,0.156006
Mongolia,MNG,2019,0.156006
Mongolia,MNG,2020,0.156
Mongolia,MNG,2021,0.155994
Mongolia,MNG,2022,0.155994
Montenegro,MNE,2017,0.07200000000000001
Montenegro,MNE,2018,0.07200000000000001
Montenegro,MNE,2019,0.11800000000000001
Montenegro,MNE,2020,0.11800000000000001
Montenegro,MNE,2021,0.11800000000000001
Montenegro,MNE,2022,0.11800000000000001
Morocco,MAR,2000,0.054
Morocco,MAR,2001,0.054
Morocco,MAR,2002,0.054
Morocco,MAR,2003,0.054
Morocco,MAR,2004,0.054
Morocco,MAR,2005,0.054
Morocco,MAR,2006,0.054
Morocco,MAR,2007,0.114
Morocco,MAR,2008,0.114
Morocco,MAR,2009,0.221
Morocco,MAR,2010,0.221
Morocco,MAR,2011,0.255
Morocco,MAR,2012,0.255
Morocco,MAR,2013,0.495
Morocco,MAR,2014,0.797
Morocco,MAR,2015,0.797
Morocco,MAR,2016,0.902
Morocco,MAR,2017,1.022
Morocco,MAR,2018,1.225
Morocco,MAR,2019,1.225
Morocco,MAR,2020,1.435
Morocco,MAR,2021,1.471
Morocco,MAR,2022,1.556
Myanmar,MMR,2015,0.000003
Myanmar,MMR,2016,0.000003
Myanmar,MMR,2017,0.000006
Myanmar,MMR,2018,0.000006
Myanmar,MMR,2019,0.000006
Myanmar,MMR,2020,0.000006
Myanmar,MMR,2021,0.000006
Myanmar,MMR,2022,0.000006
Namibia,NAM,2005,0.00022
Namibia,NAM,2006,0.00022
Namibia,NAM,2007,0.00022
Namibia,NAM,2008,0.00022
Namibia,NAM,2009,0.00022
Namibia,NAM,2010,0.00022
Namibia,NAM,2011,0.00022
Namibia,NAM,2012,0.000222
Namibia,NAM,2013,0.000222
Namibia,NAM,2014,0.000222
Namibia,NAM,2015,0.000222
Namibia,NAM,2016,0.000222
Namibia,NAM,2017,0.005231
Namibia,NAM,2018,0.005231
Namibia,NAM,2019,0.005231
Namibia,NAM,2020,0.005231
Namibia,NAM,2021,0.005231
Namibia,NAM,2022,0.005231
Nepal,NPL,2013,0.00006900000000000001
Nepal,NPL,2014,0.00006900000000000001
Nepal,NPL,2015,0.00006900000000000001
Nepal,NPL,2016,0.00006900000000000001
Nepal,NPL,2017,0.00006900000000000001
Nepal,NPL,2018,0.00016900000000000002
Nepal,NPL,2019,0.000199
Nepal,NPL,2020,0.000199
Nepal,NPL,2021,0.000199
Nepal,NPL,2022,0.000199
Netherlands,NLD,2000,0.447
Netherlands,NLD,2001,0.486
Netherlands,NLD,2002,0.672
Netherlands,NLD,2003,0.905
Netherlands,NLD,2004,1.075
Netherlands,NLD,2005,1.224
Netherlands,NLD,2006,1.561
Netherlands,NLD,2007,1.749
Netherlands,NLD,2008,2.149
Netherlands,NLD,2009,2.222
Netherlands,NLD,2010,2.237
Netherlands,NLD,2011,2.316
Netherlands,NLD,2012,2.433
Netherlands,NLD,2013,2.713
Netherlands,NLD,2014,2.865
Netherlands,NLD,2015,3.3908400000000003
Netherlands,NLD,2016,4.25712
Netherlands,NLD,2017,4.202
Netherlands,NLD,2018,4.39311
Netherlands,NLD,2019,4.484158000000001
Netherlands,NLD,2020,6.647875
Netherlands,NLD,2021,7.769365
Netherlands,NLD,2022,9.309365
New Caledonia,NCL,2000,0.0038250000000000003
New Caledonia,NCL,2001,0.004365
New Caledonia,NCL,2002,0.0065650000000000005
New Caledonia,NCL,2003,0.011185
New Caledonia,NCL,2004,0.022735
New Caledonia,NCL,2005,0.022735
New Caledonia,NCL,2006,0.028235
New Caledonia,NCL,2007,0.03236
New Caledonia,NCL,2008,0.03236
New Caledonia,NCL,2009,0.03731
New Caledonia,NCL,2010,0.03731
New Caledonia,NCL,2011,0.037585
New Caledonia,NCL,2012,0.037585
New Caledonia,NCL,2013,0.037585
New Caledonia,NCL,2014,0.037585
New Caledonia,NCL,2015,0.037585
New Caledonia,NCL,2016,0.037585
New Caledonia,NCL,2017,0.037585
New Caledonia,NCL,2018,0.037585
New Caledonia,NCL,2019,0.037585
New Caledonia,NCL,2020,0.037585
New Caledonia,NCL,2021,0.037585
New Caledonia,NCL,2022,0.037585
New Zealand,NZL,2000,0.036000000000000004
New Zealand,NZL,2001,0.036000000000000004
New Zealand,NZL,2002,0.054
New Zealand,NZL,2003,0.07100000000000001
New Zealand,NZL,2004,0.165
New Zealand,NZL,2005,0.167
New Zealand,NZL,2006,0.168
New Zealand,NZL,2007,0.319
New Zealand,NZL,2008,0.321
New Zealand,NZL,2009,0.512
New Zealand,NZL,2010,0.539
New Zealand,NZL,2011,0.622
New Zealand,NZL,2012,0.622
New Zealand,NZL,2013,0.622
New Zealand,NZL,2014,0.681
New Zealand,NZL,2015,0.6880000000000001
New Zealand,NZL,2016,0.6890000000000001
New Zealand,NZL,2017,0.6890000000000001
New Zealand,NZL,2018,0.6890000000000001
New Zealand,NZL,2019,0.6890000000000001
New Zealand,NZL,2020,0.6890000000000001
New Zealand,NZL,2021,0.912
New Zealand,NZL,2022,0.912
Nicaragua,NIC,2009,0.0399
Nicaragua,NIC,2010,0.063
Nicaragua,NIC,2011,0.063
Nicaragua,NIC,2012,0.1466
Nicaragua,NIC,2013,0.1466
Nicaragua,NIC,2014,0.1862
Nicaragua,NIC,2015,0.1862
Nicaragua,NIC,2016,0.1862
Nicaragua,NIC,2017,0.1862
Nicaragua,NIC,2018,0.1862
Nicaragua,NIC,2019,0.1862
Nicaragua,NIC,2020,0.1862
Nicaragua,NIC,2021,0.1862
Nicaragua,NIC,2022,0.1862
Nigeria,NGA,2002,0
Nigeria,NGA,2003,0
Nigeria,NGA,2004,0
Nigeria,NGA,2005,0
Nigeria,NGA,2006,0
Nigeria,NGA,2007,0
Nigeria,NGA,2008,0
Nigeria,NGA,2009,0
Nigeria,NGA,2010,0
Nigeria,NGA,2011,0
Nigeria,NGA,2012,0
Nigeria,NGA,2013,0
Nigeria,NGA,2014,0
Nigeria,NGA,2015,0
Nigeria,NGA,2016,0
Nigeria,NGA,2017,0
Nigeria,NGA,2018,0
Nigeria,NGA,2019,0
Nigeria,NGA,2020,0
North America,,2000,2.54831
North America,,2001,4.09375
North America,,2002,4.6810503
North America,,2003,6.44
North America,,2004,7.0394097
North America,,2005,9.52472
North America,,2006,12.978
North America,,2007,18.58044
North America,,2008,27.21843
North America,,2009,38.26223
North America,,2010,44.140754
North America,,2011,52.118785
North America,,2012,68.19581
North America,,2013,70.91867
North America,,2014,77.61342
North America,,2015,88.53377
North America,,2016,99.04902000000001
North America,,2017,105.863414
North America,,2018,115.08136
North America,,2019,125.26208
North America,,2020,140.75936
North America,,2021,156.4686
North America,,2022,165.50538
North America (IRENA),,2000,2.486
North America (IRENA),,2001,4.01164
North America (IRENA),,2002,4.59564
North America (IRENA),,2003,6.34019
North America (IRENA),,2004,6.917800000000001
North America (IRENA),,2005,9.40141
North America (IRENA),,2006,12.85279
North America (IRENA),,2007,18.4561
North America (IRENA),,2008,27.088900000000002
North America (IRENA),,2009,38.0034
North America (IRENA),,2010,43.836297
North America (IRENA),,2011,51.661566
North America (IRENA),,2012,67.4699
North America (IRENA),,2013,70.12176600000001
North America (IRENA),,2014,76.69319
North America (IRENA),,2015,87.252234
North America (IRENA),,2016,97.52636
North America (IRENA),,2017,104.26078
North America (IRENA),,2018,113.369234
North America (IRENA),,2019,123.32161
North America (IRENA),,2020,138.79455
North America (IRENA),,2021,154.47698000000003
North America (IRENA),,2022,163.46922
North Korea,PRK,2008,0.0002
North Korea,PRK,2009,0.0002
North Korea,PRK,2010,0.0002
North Korea,PRK,2011,0.0002
North Korea,PRK,2012,0.0002
North Korea,PRK,2013,0.0002
North Korea,PRK,2014,0.0002
North Korea,PRK,2015,0.0002
North Korea,PRK,2016,0.0002
North Korea,PRK,2017,0.0006
North Korea,PRK,2018,0.0006
North Korea,PRK,2019,0.0006
North Korea,PRK,2020,0.0006
North Korea,PRK,2021,0.0006
North Korea,PRK,2022,0.0006
North Macedonia,MKD,2014,0.037
North Macedonia,MKD,2015,0.037
North Macedonia,MKD,2016,0.037
North Macedonia,MKD,2017,0.037
North Macedonia,MKD,2018,0.037
North Macedonia,MKD,2019,0.037
North Macedonia,MKD,2020,0.037
North Macedonia,MKD,2021,0.037
North Macedonia,MKD,2022,0.037
Norway,NOR,2000,0.013000000000000001
Norway,NOR,2001,0.013000000000000001
Norway,NOR,2002,0.097
Norway,NOR,2003,0.097
Norway,NOR,2004,0.152
Norway,NOR,2005,0.265
Norway,NOR,2006,0.28400000000000003
Norway,NOR,2007,0.34800000000000003
Norway,NOR,2008,0.395
Norway,NOR,2009,0.423
Norway,NOR,2010,0.425
Norway,NOR,2011,0.512
Norway,NOR,2012,0.705
Norway,NOR,2013,0.8180000000000001
Norway,NOR,2014,0.859
Norway,NOR,2015,0.867
Norway,NOR,2016,0.883
Norway,NOR,2017,1.207
Norway,NOR,2018,1.71
Norway,NOR,2019,2.914
Norway,NOR,2020,4.03
Norway,NOR,2021,5.049
Norway,NOR,2022,5.134
Oceania,,2000,0.073005005
Oceania,,2001,0.11654500000000001
Oceania,,2002,0.166745
Oceania,,2003,0.27240499999999995
Oceania,,2004,0.5669100300000001
Oceania,,2005,0.92991003
Oceania,,2006,1.01541003
Oceania,,2007,1.610733
Oceania,,2008,1.807968
Oceania,,2009,2.265918
Oceania,,2010,2.453798
Oceania,,2011,2.800073
Oceania,,2012,3.234073
Oceania,,2013,3.894084
Oceania,,2014,4.530184
Oceania,,2015,4.921195
Oceania,,2016,5.06547
Oceania,,2017,5.553195
Oceania,,2018,6.184121
Oceania,,2019,7.022436
Oceania,,2020,9.346436
Oceania,,2021,9.917035
Oceania,,2022,11.100436
Oceania (IRENA),,2000,0.073005
Oceania (IRENA),,2001,0.11654500000000001
Oceania (IRENA),,2002,0.166745
Oceania (IRENA),,2003,0.27240499999999995
Oceania (IRENA),,2004,0.56691
Oceania (IRENA),,2005,0.92991
Oceania (IRENA),,2006,1.01541
Oceania (IRENA),,2007,1.610733
Oceania (IRENA),,2008,1.807968
Oceania (IRENA),,2009,2.265918
Oceania (IRENA),,2010,2.453798
Oceania (IRENA),,2011,2.800073
Oceania (IRENA),,2012,3.234073
Oceania (IRENA),,2013,3.894084
Oceania (IRENA),,2014,4.530184
Oceania (IRENA),,2015,4.921195
Oceania (IRENA),,2016,5.06547
Oceania (IRENA),,2017,5.553195
Oceania (IRENA),,2018,6.184121
Oceania (IRENA),,2019,7.022436
Oceania (IRENA),,2020,9.346436
Oceania (IRENA),,2021,9.917036
Oceania (IRENA),,2022,11.100436
Oman,OMN,2019,0.05
Oman,OMN,2020,0.05
Oman,OMN,2021,0.05
Oman,OMN,2022,0.05
Pakistan,PAK,2008,0.006
Pakistan,PAK,2009,0.006
Pakistan,PAK,2010,0.006
Pakistan,PAK,2011,0.006
Pakistan,PAK,2012,0.056155000000000004
Pakistan,PAK,2013,0.10605500000000001
Pakistan,PAK,2014,0.20555500000000002
Pakistan,PAK,2015,0.30835500000000005
Pakistan,PAK,2016,0.5906549999999999
Pakistan,PAK,2017,0.7891549999999999
Pakistan,PAK,2018,1.185855
Pakistan,PAK,2019,1.2358550000000001
Pakistan,PAK,2020,1.2358550000000001
Pakistan,PAK,2021,1.335155
Pakistan,PAK,2022,1.435155
Panama,PAN,2013,0.02
Panama,PAN,2014,0.055
Panama,PAN,2015,0.2525
Panama,PAN,2016,0.27
Panama,PAN,2017,0.27
Panama,PAN,2018,0.27
Panama,PAN,2019,0.27
Panama,PAN,2020,0.27
Panama,PAN,2021,0.27
Panama,PAN,2022,0.27
Peru,PER,2000,0.0007
Peru,PER,2001,0.0007
Peru,PER,2002,0.0007
Peru,PER,2003,0.0007
Peru,PER,2004,0.0007
Peru,PER,2005,0.0007
Peru,PER,2006,0.0007
Peru,PER,2007,0.0007
Peru,PER,2008,0.0007
Peru,PER,2009,0.0007
Peru,PER,2010,0.0007
Peru,PER,2011,0.0007
Peru,PER,2012,0.0007
Peru,PER,2013,0.0007
Peru,PER,2014,0.1427
Peru,PER,2015,0.2398
Peru,PER,2016,0.23995
Peru,PER,2017,0.23995
Peru,PER,2018,0.37225
Peru,PER,2019,0.37225
Peru,PER,2020,0.40899
Peru,PER,2021,0.40899
Peru,PER,2022,0.40899
Philippines,PHL,2005,0.033
Philippines,PHL,2006,0.033
Philippines,PHL,2007,0.033
Philippines,PHL,2008,0.033
Philippines,PHL,2009,0.033
Philippines,PHL,2010,0.033
Philippines,PHL,2011,0.033
Philippines,PHL,2012,0.033
Philippines,PHL,2013,0.033
Philippines,PHL,2014,0.3369
Philippines,PHL,2015,0.4269
Philippines,PHL,2016,0.4269
Philippines,PHL,2017,0.4269
Philippines,PHL,2018,0.4269
Philippines,PHL,2019,0.44289999999999996
Philippines,PHL,2020,0.44289999999999996
Philippines,PHL,2021,0.44289999999999996
Philippines,PHL,2022,0.44289999999999996
Poland,POL,2000,0.004
Poland,POL,2001,0.019
Poland,POL,2002,0.032
Poland,POL,2003,0.035
Poland,POL,2004,0.04
Poland,POL,2005,0.121
Poland,POL,2006,0.17200000000000001
Poland,POL,2007,0.306
Poland,POL,2008,0.526
Poland,POL,2009,0.709
Poland,POL,2010,1.108
Poland,POL,2011,1.8
Poland,POL,2012,2.564
Poland,POL,2013,3.4290000000000003
Poland,POL,2014,3.8360000000000003
Poland,POL,2015,4.886
Poland,POL,2016,5.747
Poland,POL,2017,5.7593570000000005
Poland,POL,2018,5.766078
Poland,POL,2019,5.836823000000001
Poland,POL,2020,6.29825
Poland,POL,2021,6.967339
Poland,POL,2022,7.987339
Portugal,PRT,2000,0.083
Portugal,PRT,2001,0.125
Portugal,PRT,2002,0.19
Portugal,PRT,2003,0.268
Portugal,PRT,2004,0.553
Portugal,PRT,2005,1.064
Portugal,PRT,2006,1.681
Portugal,PRT,2007,2.201
Portugal,PRT,2008,2.857
Portugal,PRT,2009,3.326
Portugal,PRT,2010,3.7960000000000003
Portugal,PRT,2011,4.256215
Portugal,PRT,2012,4.4115519999999995
Portugal,PRT,2013,4.609948999999999
Portugal,PRT,2014,4.856555999999999
Portugal,PRT,2015,4.936838
Portugal,PRT,2016,5.124103
Portugal,PRT,2017,5.124104999999999
Portugal,PRT,2018,5.172359
Portugal,PRT,2019,5.222745
Portugal,PRT,2020,5.122259000000001
Portugal,PRT,2021,5.427326
Portugal,PRT,2022,5.455326
Puerto Rico,PRI,2010,0
Puerto Rico,PRI,2011,0.000005
Puerto Rico,PRI,2012,0.099805
Puerto Rico,PRI,2013,0.09980200000000002
Puerto Rico,PRI,2014,0.09902200000000001
Puerto Rico,PRI,2015,0.100422
Puerto Rico,PRI,2016,0.09902200000000001
Puerto Rico,PRI,2017,0.09902200000000001
Puerto Rico,PRI,2018,0.099042
Puerto Rico,PRI,2019,0.099042
Puerto Rico,PRI,2020,0.099044
Puerto Rico,PRI,2021,0.099044
Puerto Rico,PRI,2022,0.099044
Reunion,REU,2004,0.0066
Reunion,REU,2005,0.01045
Reunion,REU,2006,0.013474999999999999
Reunion,REU,2007,0.014830000000000001
Reunion,REU,2008,0.014830000000000001
Reunion,REU,2009,0.014830000000000001
Reunion,REU,2010,0.014830000000000001
Reunion,REU,2011,0.014830000000000001
Reunion,REU,2012,0.014830000000000001
Reunion,REU,2013,0.014830000000000001
Reunion,REU,2014,0.014830000000000001
Reunion,REU,2015,0.014830000000000001
Reunion,REU,2016,0.0165
Reunion,REU,2017,0.0165
Reunion,REU,2018,0.0165
Reunion,REU,2019,0.0165
Reunion,REU,2020,0.0165
Reunion,REU,2021,0.0165
Reunion,REU,2022,0.0165
Romania,ROU,2005,0.001
Romania,ROU,2006,0.001
Romania,ROU,2007,0.003
Romania,ROU,2008,0.005
Romania,ROU,2009,0.015
Romania,ROU,2010,0.389
Romania,ROU,2011,0.988
Romania,ROU,2012,1.822
Romania,ROU,2013,2.773
Romania,ROU,2014,3.244
Romania,ROU,2015,3.13
Romania,ROU,2016,3.025
Romania,ROU,2017,3.029798
Romania,ROU,2018,3.0322579999999997
Romania,ROU,2019,3.037515
Romania,ROU,2020,3.012527
Romania,ROU,2021,3.014958
Romania,ROU,2022,3.014958
Russia,RUS,2000,0.003
Russia,RUS,2001,0.003
Russia,RUS,2002,0.007
Russia,RUS,2003,0.009000000000000001
Russia,RUS,2004,0.009000000000000001
Russia,RUS,2005,0.01
Russia,RUS,2006,0.01
Russia,RUS,2007,0.01
Russia,RUS,2008,0.01
Russia,RUS,2009,0.01
Russia,RUS,2010,0.01
Russia,RUS,2011,0.01
Russia,RUS,2012,0.01
Russia,RUS,2013,0.01
Russia,RUS,2014,0.01
Russia,RUS,2015,0.0109
Russia,RUS,2016,0.0109
Russia,RUS,2017,0.0109
Russia,RUS,2018,0.0519
Russia,RUS,2019,0.1019
Russia,RUS,2020,0.9453
Russia,RUS,2021,1.955
Russia,RUS,2022,2.218
Saint Kitts and Nevis,KNA,2010,0.0022
Saint Kitts and Nevis,KNA,2011,0.0022
Saint Kitts and Nevis,KNA,2012,0.0022
Saint Kitts and Nevis,KNA,2013,0.0022
Saint Kitts and Nevis,KNA,2014,0.0022
Saint Kitts and Nevis,KNA,2015,0.0022
Saint Kitts and Nevis,KNA,2016,0.0022
Saint Kitts and Nevis,KNA,2017,0.0022
Saint Kitts and Nevis,KNA,2018,0.0022
Saint Kitts and Nevis,KNA,2019,0.0022
Saint Kitts and Nevis,KNA,2020,0.0022
Saint Kitts and Nevis,KNA,2021,0.0022
Saint Kitts and Nevis,KNA,2022,0.0022
Saint Pierre and Miquelon,SPM,2008,0.0006
Saint Pierre and Miquelon,SPM,2009,0.0006
Saint Pierre and Miquelon,SPM,2010,0.0006
Saint Pierre and Miquelon,SPM,2011,0.0006
Saint Pierre and Miquelon,SPM,2012,0.0006
Saint Pierre and Miquelon,SPM,2013,0.0006
Samoa,WSM,2014,0.00055
Samoa,WSM,2015,0.00055
Samoa,WSM,2016,0.00055
Samoa,WSM,2017,0.00055
Samoa,WSM,2018,0.00055
Samoa,WSM,2019,0.00055
Samoa,WSM,2020,0.00055
Samoa,WSM,2021,0.00055
Samoa,WSM,2022,0.00055
Saudi Arabia,SAU,2017,0.00275
Saudi Arabia,SAU,2018,0.00275
Saudi Arabia,SAU,2019,0.0032500000000000003
Saudi Arabia,SAU,2020,0.0032500000000000003
Saudi Arabia,SAU,2021,0.0032500000000000003
Saudi Arabia,SAU,2022,0.0032500000000000003
Senegal,SEN,2019,0.055200000000000006
Senegal,SEN,2020,0.15869999999999998
Senegal,SEN,2021,0.15869999999999998
Senegal,SEN,2022,0.15869999999999998
Serbia,SRB,2012,0.0005
Serbia,SRB,2013,0.0005
Serbia,SRB,2014,0.0005
Serbia,SRB,2015,0.010400000000000001
Serbia,SRB,2016,0.017
Serbia,SRB,2017,0.025
Serbia,SRB,2018,0.227
Serbia,SRB,2019,0.398
Serbia,SRB,2020,0.398
Serbia,SRB,2021,0.398
Serbia,SRB,2022,0.398
Seychelles,SYC,2013,0.006
Seychelles,SYC,2014,0.006
Seychelles,SYC,2015,0.006
Seychelles,SYC,2016,0.006
Seychelles,SYC,2017,0.006
Seychelles,SYC,2018,0.006
Seychelles,SYC,2019,0.006
Seychelles,SYC,2020,0.006
Seychelles,SYC,2021,0.006
Seychelles,SYC,2022,0.006
Singapore,SGP,2017,0.0001
Singapore,SGP,2018,0.0001
Singapore,SGP,2019,0.0001
Singapore,SGP,2020,0.0001
Singapore,SGP,2021,0.0001
Singapore,SGP,2022,0.0001
Slovakia,SVK,2003,0.003
Slovakia,SVK,2004,0.003
Slovakia,SVK,2005,0.005
Slovakia,SVK,2006,0.005
Slovakia,SVK,2007,0.005
Slovakia,SVK,2008,0.005
Slovakia,SVK,2009,0.003
Slovakia,SVK,2010,0.003
Slovakia,SVK,2011,0.003
Slovakia,SVK,2012,0.003
Slovakia,SVK,2013,0.005
Slovakia,SVK,2014,0.003
Slovakia,SVK,2015,0.003
Slovakia,SVK,2016,0.003
Slovakia,SVK,2017,0.004
Slovakia,SVK,2018,0.003
Slovakia,SVK,2019,0.004
Slovakia,SVK,2020,0.004
Slovakia,SVK,2021,0.004
Slovakia,SVK,2022,0.004
Slovenia,SVN,2012,0.002
Slovenia,SVN,2013,0.002
Slovenia,SVN,2014,0.003
Slovenia,SVN,2015,0.003
Slovenia,SVN,2016,0.003
Slovenia,SVN,2017,0.0033
Slovenia,SVN,2018,0.0033
Slovenia,SVN,2019,0.0033
Slovenia,SVN,2020,0.0033
Slovenia,SVN,2021,0.003328
Slovenia,SVN,2022,0.003328
Somalia,SOM,2012,0.0022
Somalia,SOM,2013,0.0022
Somalia,SOM,2014,0.0022
Somalia,SOM,2015,0.0028
Somalia,SOM,2016,0.0028
Somalia,SOM,2017,0.0035499999999999998
Somalia,SOM,2018,0.0035499999999999998
Somalia,SOM,2019,0.0035499999999999998
Somalia,SOM,2020,0.0035499999999999998
Somalia,SOM,2021,0.0035499999999999998
Somalia,SOM,2022,0.0035499999999999998
South Africa,ZAF,2002,0.00316
South Africa,ZAF,2003,0.00316
South Africa,ZAF,2004,0.00316
South Africa,ZAF,2005,0.00316
South Africa,ZAF,2006,0.00316
South Africa,ZAF,2007,0.00316
South Africa,ZAF,2008,0.00836
South Africa,ZAF,2009,0.00836
South Africa,ZAF,2010,0.01016
South Africa,ZAF,2011,0.01016
South Africa,ZAF,2012,0.01016
South Africa,ZAF,2013,0.257
South Africa,ZAF,2014,0.5690000000000001
South Africa,ZAF,2015,1.079
South Africa,ZAF,2016,1.473
South Africa,ZAF,2017,2.094
South Africa,ZAF,2018,2.094
South Africa,ZAF,2019,2.094
South Africa,ZAF,2020,2.516
South Africa,ZAF,2021,2.9555000000000002
South Africa,ZAF,2022,3.1025
South America,,2000,0.037238
South America,,2001,0.051955
South America,,2002,0.050924000000000004
South America,,2003,0.052855
South America,,2004,0.074955
South America,,2005,0.069955
South America,,2006,0.286375
South America,,2007,0.31776498
South America,,2008,0.48329500000000003
South America,,2009,0.846295
South America,,2010,1.181395
South America,,2011,1.7361499
South America,,2012,2.33855
South America,,2013,2.8631830000000003
South America,,2014,6.578594
South America,,2015,9.942200999999999
South America,,2016,12.94627
South America,,2017,15.725897999999999
South America,,2018,19.13962
South America,,2019,20.695297
South America,,2020,24.03545
South America,,2021,29.755424
South America,,2022,33.470746
South America (IRENA),,2000,0.037238
South America (IRENA),,2001,0.051955
South America (IRENA),,2002,0.050924000000000004
South America (IRENA),,2003,0.052855
South America (IRENA),,2004,0.074955
South America (IRENA),,2005,0.069955
South America (IRENA),,2006,0.286375
South America (IRENA),,2007,0.317765
South America (IRENA),,2008,0.48329500000000003
South America (IRENA),,2009,0.846295
South America (IRENA),,2010,1.181395
South America (IRENA),,2011,1.73615
South America (IRENA),,2012,2.33855
South America (IRENA),,2013,2.8631830000000003
South America (IRENA),,2014,6.578594
South America (IRENA),,2015,9.942200999999999
South America (IRENA),,2016,12.946269000000001
South America (IRENA),,2017,15.725897999999999
South America (IRENA),,2018,19.13962
South America (IRENA),,2019,20.695297
South America (IRENA),,2020,24.035447
South America (IRENA),,2021,29.755424
South America (IRENA),,2022,33.470746
South Georgia and the South Sandwich Islands,SGS,2000,0.000006
South Georgia and the South Sandwich Islands,SGS,2001,0.000006
South Georgia and the South Sandwich Islands,SGS,2002,0.000006
South Georgia and the South Sandwich Islands,SGS,2003,0.000006
South Georgia and the South Sandwich Islands,SGS,2004,0.000006
South Georgia and the South Sandwich Islands,SGS,2005,0.000006
South Georgia and the South Sandwich Islands,SGS,2006,0.000006
South Georgia and the South Sandwich Islands,SGS,2007,0.000006
South Georgia and the South Sandwich Islands,SGS,2008,0.000006
South Georgia and the South Sandwich Islands,SGS,2009,0.000006
South Georgia and the South Sandwich Islands,SGS,2010,0.000006
South Georgia and the South Sandwich Islands,SGS,2011,0.000006
South Georgia and the South Sandwich Islands,SGS,2012,0.000006
South Georgia and the South Sandwich Islands,SGS,2013,0.000006
South Georgia and the South Sandwich Islands,SGS,2014,0.000006
South Georgia and the South Sandwich Islands,SGS,2015,0.000006
South Georgia and the South Sandwich Islands,SGS,2016,0.000006
South Georgia and the South Sandwich Islands,SGS,2017,0.000006
South Georgia and the South Sandwich Islands,SGS,2018,0.000006
South Georgia and the South Sandwich Islands,SGS,2019,0.000006
South Georgia and the South Sandwich Islands,SGS,2020,0.000006
South Georgia and the South Sandwich Islands,SGS,2021,0.000006
South Georgia and the South Sandwich Islands,SGS,2022,0.000006
South Korea,KOR,2000,0.007
South Korea,KOR,2001,0.011
South Korea,KOR,2002,0.013000000000000001
South Korea,KOR,2003,0.019
South Korea,KOR,2004,0.029
South Korea,KOR,2005,0.099
South Korea,KOR,2006,0.178
South Korea,KOR,2007,0.196
South Korea,KOR,2008,0.304
South Korea,KOR,2009,0.35100000000000003
South Korea,KOR,2010,0.382
South Korea,KOR,2011,0.425
South Korea,KOR,2012,0.464
South Korea,KOR,2013,0.5760000000000001
South Korea,KOR,2014,0.612
South Korea,KOR,2015,0.847
South Korea,KOR,2016,1.067
South Korea,KOR,2017,1.215
South Korea,KOR,2018,1.42
South Korea,KOR,2019,1.494
South Korea,KOR,2020,1.635802
South Korea,KOR,2021,1.708043
South Korea,KOR,2022,1.892502
Spain,ESP,2000,2.206
Spain,ESP,2001,3.3970000000000002
Spain,ESP,2002,4.891
Spain,ESP,2003,5.945
Spain,ESP,2004,8.317
Spain,ESP,2005,9.918000000000001
Spain,ESP,2006,11.722
Spain,ESP,2007,14.82
Spain,ESP,2008,16.555
Spain,ESP,2009,19.176000000000002
Spain,ESP,2010,20.693
Spain,ESP,2011,21.529
Spain,ESP,2012,22.789
Spain,ESP,2013,22.958000000000002
Spain,ESP,2014,22.925
Spain,ESP,2015,22.943
Spain,ESP,2016,22.990000000000002
Spain,ESP,2017,23.124479
Spain,ESP,2018,23.405055
Spain,ESP,2019,25.590076
Spain,ESP,2020,26.81919
Spain,ESP,2021,27.90765
Spain,ESP,2022,29.307835999999998
Sri Lanka,LKA,2000,0.003
Sri Lanka,LKA,2001,0.003
Sri Lanka,LKA,2002,0.003
Sri Lanka,LKA,2003,0.003
Sri Lanka,LKA,2004,0.003
Sri Lanka,LKA,2005,0.003
Sri Lanka,LKA,2006,0.003
Sri Lanka,LKA,2007,0.003
Sri Lanka,LKA,2008,0.003
Sri Lanka,LKA,2009,0.003
Sri Lanka,LKA,2010,0.033850000000000005
Sri Lanka,LKA,2011,0.04385
Sri Lanka,LKA,2012,0.07665000000000001
Sri Lanka,LKA,2013,0.08145000000000001
Sri Lanka,LKA,2014,0.12145
Sri Lanka,LKA,2015,0.13144999999999998
Sri Lanka,LKA,2016,0.13144999999999998
Sri Lanka,LKA,2017,0.13144999999999998
Sri Lanka,LKA,2018,0.12844999999999998
Sri Lanka,LKA,2019,0.12844999999999998
Sri Lanka,LKA,2020,0.179
Sri Lanka,LKA,2021,0.252
Sri Lanka,LKA,2022,0.252
Sweden,SWE,2000,0.209
Sweden,SWE,2001,0.295
Sweden,SWE,2002,0.357
Sweden,SWE,2003,0.417
Sweden,SWE,2004,0.47500000000000003
Sweden,SWE,2005,0.522
Sweden,SWE,2006,0.585
Sweden,SWE,2007,0.8230000000000001
Sweden,SWE,2008,1.089
Sweden,SWE,2009,1.475
Sweden,SWE,2010,2.017
Sweden,SWE,2011,2.7640000000000002
Sweden,SWE,2012,3.606
Sweden,SWE,2013,4.194
Sweden,SWE,2014,5.088
Sweden,SWE,2015,5.819
Sweden,SWE,2016,6.4350000000000005
Sweden,SWE,2017,6.611
Sweden,SWE,2018,7.3
Sweden,SWE,2019,8.681000000000001
Sweden,SWE,2020,9.976
Sweden,SWE,2021,12.116
Sweden,SWE,2022,14.557
Switzerland,CHE,2000,0.003
Switzerland,CHE,2001,0.005
Switzerland,CHE,2002,0.005
Switzerland,CHE,2003,0.005
Switzerland,CHE,2004,0.009000000000000001
Switzerland,CHE,2005,0.012
Switzerland,CHE,2006,0.012
Switzerland,CHE,2007,0.012
Switzerland,CHE,2008,0.014
Switzerland,CHE,2009,0.018000000000000002
Switzerland,CHE,2010,0.042
Switzerland,CHE,2011,0.046
Switzerland,CHE,2012,0.049
Switzerland,CHE,2013,0.06
Switzerland,CHE,2014,0.06
Switzerland,CHE,2015,0.06
Switzerland,CHE,2016,0.075
Switzerland,CHE,2017,0.075
Switzerland,CHE,2018,0.075
Switzerland,CHE,2019,0.075
Switzerland,CHE,2020,0.08712
Switzerland,CHE,2021,0.08712
Switzerland,CHE,2022,0.08712
Syria,SYR,2004,0.0006
Syria,SYR,2005,0.0006
Syria,SYR,2006,0.0006
Syria,SYR,2007,0.0006
Syria,SYR,2008,0.0006
Syria,SYR,2009,0.0006
Syria,SYR,2010,0.0006
Syria,SYR,2011,0.0006
Syria,SYR,2012,0.0006
Syria,SYR,2013,0.0006
Syria,SYR,2014,0.0006
Syria,SYR,2015,0.0006
Syria,SYR,2016,0.0006
Syria,SYR,2017,0.0006
Syria,SYR,2018,0.0006
Syria,SYR,2019,0.0006
Syria,SYR,2020,0.0006
Syria,SYR,2021,0.0006
Syria,SYR,2022,0.0006
Taiwan,TWN,2000,0.0026000000000000003
Taiwan,TWN,2001,0.005
Taiwan,TWN,2002,0.008539999999999999
Taiwan,TWN,2003,0.008539999999999999
Taiwan,TWN,2004,0.008539999999999999
Taiwan,TWN,2005,0.023940000000000003
Taiwan,TWN,2006,0.10199
Taiwan,TWN,2007,0.18599000000000002
Taiwan,TWN,2008,0.25039
Taiwan,TWN,2009,0.37429
Taiwan,TWN,2010,0.47589
Taiwan,TWN,2011,0.5226900000000001
Taiwan,TWN,2012,0.57099
Taiwan,TWN,2013,0.61419
Taiwan,TWN,2014,0.63719
Taiwan,TWN,2015,0.6466900000000001
Taiwan,TWN,2016,0.6820900000000001
Taiwan,TWN,2017,0.69239
Taiwan,TWN,2018,0.713151
Taiwan,TWN,2019,0.845159
Taiwan,TWN,2020,0.937115
Taiwan,TWN,2021,1.033368
Taiwan,TWN,2022,1.581055
Tanzania,TZA,2020,0.0024
Tanzania,TZA,2021,0.0024
Tanzania,TZA,2022,0.0024
Thailand,THA,2006,0.00034
Thailand,THA,2007,0.00094
Thailand,THA,2008,0.00108
Thailand,THA,2009,0.0050999999999999995
Thailand,THA,2010,0.0056
Thailand,THA,2011,0.0073
Thailand,THA,2012,0.11170000000000001
Thailand,THA,2013,0.22269999999999998
Thailand,THA,2014,0.2245
Thailand,THA,2015,0.2339
Thailand,THA,2016,0.50704
Thailand,THA,2017,0.62782
Thailand,THA,2018,1.10282
Thailand,THA,2019,1.50682
Thailand,THA,2020,1.50682
Thailand,THA,2021,1.5453
Thailand,THA,2022,1.5453
Tokelau,TKL,2019,0.000015
Tokelau,TKL,2020,0.000015
Tokelau,TKL,2021,0.000015
Tokelau,TKL,2022,0.000015
Tonga,TON,2013,0.000011
Tonga,TON,2014,0.000011
Tonga,TON,2015,0.000022
Tonga,TON,2016,0.000022
Tonga,TON,2017,0.000022
Tonga,TON,2018,0.000022
Tonga,TON,2019,0.001322
Tonga,TON,2020,0.001322
Tonga,TON,2021,0.001322
Tonga,TON,2022,0.001322
Trinidad and Tobago,TTO,2015,0.00001
Trinidad and Tobago,TTO,2016,0.00001
Trinidad and Tobago,TTO,2017,0.00001
Trinidad and Tobago,TTO,2018,0.00001
Trinidad and Tobago,TTO,2019,0.00001
Trinidad and Tobago,TTO,2020,0.00001
Trinidad and Tobago,TTO,2021,0.00001
Trinidad and Tobago,TTO,2022,0.00001
Tunisia,TUN,2000,0.01065
Tunisia,TUN,2001,0.01065
Tunisia,TUN,2002,0.01065
Tunisia,TUN,2003,0.019370000000000002
Tunisia,TUN,2004,0.019370000000000002
Tunisia,TUN,2005,0.019370000000000002
Tunisia,TUN,2006,0.019370000000000002
Tunisia,TUN,2007,0.019370000000000002
Tunisia,TUN,2008,0.019370000000000002
Tunisia,TUN,2009,0.05369
Tunisia,TUN,2010,0.05369
Tunisia,TUN,2011,0.05369
Tunisia,TUN,2012,0.17300000000000001
Tunisia,TUN,2013,0.2
Tunisia,TUN,2014,0.233
Tunisia,TUN,2015,0.24
Tunisia,TUN,2016,0.24
Tunisia,TUN,2017,0.24
Tunisia,TUN,2018,0.245
Tunisia,TUN,2019,0.245
Tunisia,TUN,2020,0.245
Tunisia,TUN,2021,0.245
Tunisia,TUN,2022,0.245
Turkey,TUR,2000,0.019
Turkey,TUR,2001,0.019
Turkey,TUR,2002,0.019
Turkey,TUR,2003,0.019
Turkey,TUR,2004,0.019
Turkey,TUR,2005,0.021
Turkey,TUR,2006,0.059000000000000004
Turkey,TUR,2007,0.146
Turkey,TUR,2008,0.364
Turkey,TUR,2009,0.792
Turkey,TUR,2010,1.32
Turkey,TUR,2011,1.729
Turkey,TUR,2012,2.261
Turkey,TUR,2013,2.7600000000000002
Turkey,TUR,2014,3.63
Turkey,TUR,2015,4.503
Turkey,TUR,2016,5.751
Turkey,TUR,2017,6.51615
Turkey,TUR,2018,7.005386000000001
Turkey,TUR,2019,7.591156
Turkey,TUR,2020,8.832395
Turkey,TUR,2021,10.606995000000001
Turkey,TUR,2022,11.396195
Ukraine,UKR,2000,0.005
Ukraine,UKR,2001,0.03623
Ukraine,UKR,2002,0.04623
Ukraine,UKR,2003,0.0544
Ukraine,UKR,2004,0.0714
Ukraine,UKR,2005,0.0766
Ukraine,UKR,2006,0.0766
Ukraine,UKR,2007,0.082
Ukraine,UKR,2008,0.083
Ukraine,UKR,2009,0.08600000000000001
Ukraine,UKR,2010,0.088
Ukraine,UKR,2011,0.146
Ukraine,UKR,2012,0.248
Ukraine,UKR,2013,0.362
Ukraine,UKR,2014,0.5139
Ukraine,UKR,2015,0.5139
Ukraine,UKR,2016,0.526
Ukraine,UKR,2017,0.553
Ukraine,UKR,2018,0.62077
Ukraine,UKR,2019,1.25777
Ukraine,UKR,2020,1.4020000000000001
Ukraine,UKR,2021,1.7610000000000001
Ukraine,UKR,2022,1.7610000000000001
United Arab Emirates,ARE,2013,0.00085
United Arab Emirates,ARE,2014,0.0017
United Arab Emirates,ARE,2015,0.0017
United Arab Emirates,ARE,2016,0
United Arab Emirates,ARE,2017,0
United Arab Emirates,ARE,2018,0
United Arab Emirates,ARE,2019,0
United Kingdom,GBR,2000,0.41200000000000003
United Kingdom,GBR,2001,0.493
United Kingdom,GBR,2002,0.534
United Kingdom,GBR,2003,0.742
United Kingdom,GBR,2004,0.933
United Kingdom,GBR,2005,1.565
United Kingdom,GBR,2006,1.955
United Kingdom,GBR,2007,2.477
United Kingdom,GBR,2008,3.446
United Kingdom,GBR,2009,4.422
United Kingdom,GBR,2010,5.421
United Kingdom,GBR,2011,6.596
United Kingdom,GBR,2012,9.03
United Kingdom,GBR,2013,11.282
United Kingdom,GBR,2014,13.074
United Kingdom,GBR,2015,14.30574
United Kingdom,GBR,2016,16.12593
United Kingdom,GBR,2017,19.585
United Kingdom,GBR,2018,21.605349999999998
United Kingdom,GBR,2019,23.88196
United Kingdom,GBR,2020,24.48479
United Kingdom,GBR,2021,25.73014
United Kingdom,GBR,2022,28.53734
United States,USA,2000,2.3770000000000002
United States,USA,2001,3.8636399999999997
United States,USA,2002,4.41664
United States,USA,2003,5.99519
United States,USA,2004,6.4558
United States,USA,2005,8.70641
United States,USA,2006,11.328790000000001
United States,USA,2007,16.5151
United States,USA,2008,24.6513
United States,USA,2009,34.29580000000001
United States,USA,2010,39.349695
United States,USA,2011,45.79497
United States,USA,2012,59.453300000000006
United States,USA,2013,60.198164
United States,USA,2014,64.430188
United States,USA,2015,72.767234
United States,USA,2016,81.50236
United States,USA,2017,87.83078
United States,USA,2018,94.66619
United States,USA,2019,103.835555
United States,USA,2020,118.66354
United States,USA,2021,133.01928
United States,USA,2022,140.86160999999998
United States Virgin Islands,VIR,2013,0.0001
United States Virgin Islands,VIR,2014,0.0001
United States Virgin Islands,VIR,2015,0.0001
United States Virgin Islands,VIR,2016,0.0001
United States Virgin Islands,VIR,2017,0.0001
United States Virgin Islands,VIR,2018,0.0001
United States Virgin Islands,VIR,2019,0.0001
United States Virgin Islands,VIR,2020,0.0001
United States Virgin Islands,VIR,2021,0.0001
United States Virgin Islands,VIR,2022,0.0001
Upper-middle-income countries,,2000,0.46150198000000003
Upper-middle-income countries,,2001,0.536369
Upper-middle-income countries,,2002,0.609998
Upper-middle-income countries,,2003,0.718409
Upper-middle-income countries,,2004,0.978149
Upper-middle-income countries,,2005,1.284709
Upper-middle-income countries,,2006,2.6514688
Upper-middle-income countries,,2007,4.892844
Upper-middle-income countries,,2008,9.545508
Upper-middle-income countries,,2009,19.98826
Upper-middle-income countries,,2010,33.14661
Upper-middle-income countries,,2011,50.995332000000005
Upper-middle-income countries,,2012,68.8417
Upper-middle-income countries,,2013,85.52895
Upper-middle-income countries,,2014,110.257164
Upper-middle-income countries,,2015,149.7142
Upper-middle-income countries,,2016,172.7688
Upper-middle-income countries,,2017,192.65025
Upper-middle-income countries,,2018,219.38344
Upper-middle-income countries,,2019,247.70714
Upper-middle-income countries,,2020,326.3229
Upper-middle-income countries,,2021,382.21503
Upper-middle-income countries,,2022,424.07797
Uruguay,URY,2000,0.00015
Uruguay,URY,2001,0.00015
Uruguay,URY,2002,0.00015
Uruguay,URY,2003,0.00015
Uruguay,URY,2004,0.00015
Uruguay,URY,2005,0.00015
Uruguay,URY,2006,0.00015
Uruguay,URY,2007,0.00015
Uruguay,URY,2008,0.0146
Uruguay,URY,2009,0.030600000000000002
Uruguay,URY,2010,0.040600000000000004
Uruguay,URY,2011,0.043605
Uruguay,URY,2012,0.052605
Uruguay,URY,2013,0.059418
Uruguay,URY,2014,0.481268
Uruguay,URY,2015,0.856756
Uruguay,URY,2016,1.2114559999999999
Uruguay,URY,2017,1.510668
Uruguay,URY,2018,1.510668
Uruguay,URY,2019,1.5139880000000001
Uruguay,URY,2020,1.5139880000000001
Uruguay,URY,2021,1.5139880000000001
Uruguay,URY,2022,1.5139880000000001
Uzbekistan,UZB,2017,0.00075
Uzbekistan,UZB,2018,0.00075
Uzbekistan,UZB,2019,0.00075
Uzbekistan,UZB,2020,0.00075
Uzbekistan,UZB,2021,0.00075
Uzbekistan,UZB,2022,0.00075
Vanuatu,VUT,2008,0.003025
Vanuatu,VUT,2009,0.003025
Vanuatu,VUT,2010,0.003025
Vanuatu,VUT,2011,0.003025
Vanuatu,VUT,2012,0.003025
Vanuatu,VUT,2013,0.003025
Vanuatu,VUT,2014,0.003575
Vanuatu,VUT,2015,0.003575
Vanuatu,VUT,2016,0.003575
Vanuatu,VUT,2017,0.0033
Vanuatu,VUT,2018,0.0034
Vanuatu,VUT,2019,0.0034
Vanuatu,VUT,2020,0.0034
Vanuatu,VUT,2021,0.0034
Vanuatu,VUT,2022,0.0034
Venezuela,VEN,2012,0.03
Venezuela,VEN,2013,0.07128
Venezuela,VEN,2014,0.07128
Venezuela,VEN,2015,0.07128
Venezuela,VEN,2016,0.07128
Venezuela,VEN,2017,0.07128
Venezuela,VEN,2018,0.07128
Venezuela,VEN,2019,0.07128
Venezuela,VEN,2020,0.07128
Venezuela,VEN,2021,0.07128
Venezuela,VEN,2022,0.07128
Vietnam,VNM,2008,0.0013000000000000002
Vietnam,VNM,2009,0.0088
Vietnam,VNM,2010,0.031
Vietnam,VNM,2011,0.031
Vietnam,VNM,2012,0.031
Vietnam,VNM,2013,0.053
Vietnam,VNM,2014,0.053
Vietnam,VNM,2015,0.136
Vietnam,VNM,2016,0.16019999999999998
Vietnam,VNM,2017,0.2047
Vietnam,VNM,2018,0.2367
Vietnam,VNM,2019,0.37455
Vietnam,VNM,2020,0.518
Vietnam,VNM,2021,4.118
Vietnam,VNM,2022,4.628
World,OWID_WRL,2000,16.941523
World,OWID_WRL,2001,23.968645000000002
World,OWID_WRL,2002,30.733092000000003
World,OWID_WRL,2003,38.669957000000004
World,OWID_WRL,2004,47.68421
World,OWID_WRL,2005,58.407555
World,OWID_WRL,2006,73.160484
World,OWID_WRL,2007,91.54141
World,OWID_WRL,2008,115.55784
World,OWID_WRL,2009,150.13958
World,OWID_WRL,2010,181.08266
World,OWID_WRL,2011,220.24127
World,OWID_WRL,2012,267.28878000000003
World,OWID_WRL,2013,300.02678000000003
World,OWID_WRL,2014,349.4662
World,OWID_WRL,2015,416.34712
World,OWID_WRL,2016,467.0285
World,OWID_WRL,2017,514.4229
World,OWID_WRL,2018,564.5129000000001
World,OWID_WRL,2019,620.8413
World,OWID_WRL,2020,731.6555
World,OWID_WRL,2021,824.1709000000001
World,OWID_WRL,2022,898.82425